﻿<?xml version="1.0" encoding="utf-8"?>
<data>
	<quest>Viện Louis Pasteur được thành lập vào năm nào?|1885|1886|1887|1888|C</quest>
	<quest>Trụ sở chính của Tổ chức Thương mại Thế giới WTO được đặt tại đâu?|Washington, Hoa Kỳ|Geneva, Thụy Sỹ|Stockholm, Thụy Điển|Madrid, Tây Ban Nha|B</quest>
	<quest>Loài cây được trồng nhiều nhất trên thế giới?|Ngô|Sắn|Lúa mì|Lúa gạo|C</quest>
	<quest>Trong kho tàng văn học cổ Việt Nam, phần nào không có trong bố cục một bài văn tế?|Lung khởi|Luận|Thích thực|Kết|B</quest>
	<quest>Tập thơ "Rong rêu" của nhà thơ Bùi Giáng được xuất bản năm nào?|1990|1995|2000|2005|B</quest>
	<quest>Loại củ (quả) nào ăn phải nhả bã? |Khoai sọ |Dưa hấu |Sắn dây |Táo |C</quest>
	<quest>Ai là tác giả của bài thơ \"Đây thôn Vĩ Dạ\"?|Quý Tử|Khổng Tử|Thiên Tử|Hàn Mặc Tử|D</quest>
	<quest>Cầu treo Bắc Mỹ Thuận nằm giữa 2 tỉnh nào?|Tiền Giang - Vĩnh Long|Vĩnh Long - Cần Thơ|Long An - Tiền Giang|Tiền Giang - Cần Thơ|A</quest>
	<quest>Thành cổ Trà Kiệu của người Chămpa hiện nay nằm ở tỉnh nào?|Quảng Nam|Quảng Ngãi|Ninh Thuận|Bình Thuận|A</quest>
	<quest>Dân tộc nào ở Việt Nam có dân số thấp nhất hiện nay?|Sila|Brau|Odu|Co|C</quest>
	<quest>Chiến tranh TG 2 kết thúc thông qua hiệp ước nào?|Versailles|Warsaw|Geneve|Paris|A</quest>
	<quest>Đàn Talư là của dân tộc nào ở nước ta?|H'mong|Thái|Vân Kiều|Raglai|C</quest>
	<quest>Nhà nước Cộng Hoà XHCN Việt Nam là nhà nước pháp quyền XHCN của nhân dân, do nhân dân, vì nhân dân .Bạn hãy cho biết Hiến pháp năm nào đã khẳng định điều trên?|1946|1959|1980|1992|D</quest>
	<quest>Trong hệ mặt trời, hành tinh nào không có mặt trăng?|Mộc tinh và Thủy tinh|Kim tinh và Mộc tinh|Thủy tinh và Hỏa tinh|Thủy tinh và Kim tinh|D</quest>
	<quest>Hành tinh nào có chiều quay không cùng chiều với các hành tinh còn lại?|Trái Đất|Thủy tinh|Hỏa tinh|Kim tinh|D</quest>
	<quest>Hành tinh nào không có bầu khí quyển?|Kim tinh|Mộc tinh|Thủy tinh|Trái đất|C</quest>
	<quest>Máy bay trưc thăng được phát minh vào năm nào?|1945|1936|1914|1880|B</quest>
	<quest>Hồ nước ngọt nào lớn nhất theo thể tích và sâu nhất thế giới?|Hồ Victoria|Hồ Ladoga|Hồ Lhagba Pool|Hồ Baikal|D</quest>
	<quest>Lá cờ đỏ sao vàng lần đầu tiên xuất hiện vào trong thời gian nào?|Khởi nghĩa Hương Khê|Khởi nghĩa Nam Kỳ|Binh biến Đô Lương|Khởi nghĩa Bắc Sơn|B</quest>
	<quest>Thuật ngữ tôn giáo có nguồn gốc từ đâu?|Phương Tây|Việt Nam|Trung Quốc|Tất cả đều đúng|A</quest>
	<quest>Nền văn minh Babylon ngày nay thuộc đất nước nào?|Arab Saudi|Iraq|Iran|Hy Lạp|B</quest>
	<quest>Bài hát trong phim 'Vợ chồng A Phủ' là gì?|Bài ca trên núi|Huyền thoại hồ núi Cốc|Chảy đi sông ơi|Dư âm|A</quest>
	<quest>Chuyến bay đầu tiên thế giới của 2 anh em nhà Smith đã nối liền 2 châu lục nào?|Châu Đại Dương - Châu Âu|Châu Âu - Châu Á|Châu Phi - Châu Mỹ|Châu Mỹ - Châu Đại Dương|A</quest>
	<quest>Đất nước có bảng chữ cái gồm 76 chữ cái.|Cambodia|Nga|China|Pháp|A</quest>
	<quest>Vào những năm 1850-1870, nước nào có nền công nghiệp đứng đầu thế giơi và được coi là “công xưởng của thế giới”?|Anh|Pháp|Mỹ|Đức|A</quest>
	<quest>Bài''Rắn đầu biếng học '' do ai viết?|Lê Quý Đôn|Lê Minh Trí|Trần Cao Ẩn|Hoàng Minh Thông|A</quest>
	<quest>Liên Hợp Quốc thành lập vào ngày tháng năm nào?|24-10-1945|20-10-1954|20-10-1975|20-10-1960|A</quest>
	<quest>Nước nào có đội tàu buôn lớn nhất thế giới?|Mê Hi cô|Australia|Mỹ|Nhật Bản|D</quest>
	<quest>Dãy núi Andes không chạy qua nước nào?|Panama|Bolivia|Peru|Chi Lê|A</quest>
	<quest>Tập đoàn FPT(Việt Nam) thành lập vào năm nào?|1987|1988|1989|1990|B</quest>
	<quest>Ai là người sáng tạo ra thể loại kịch cổ điển của Châu Âu?|Ernest Hemingway|Molière|Stieg Larsson|Balzac|B</quest>
	<quest>Thành phố nào được chọn làm thủ đô văn hoá của Châu Âu năm 2005?|Salzburg - Áo|Stockholm - Thụy Điển|Copenhagen - Đan Mạch|Cock - Ireland|D</quest>
	<quest>Trang Bịu được người dân Xứ Bắc (Bắc Giang - Bắc Ninh) dùng để chỉ ông Trạng nào?|Nguyễn Đăng Đạo|Đặng Công Chất|Lương Thế Vinh|Nguyễn Xuân Chính|A</quest>
	<quest>Hoàng hậu Mari Antoanet của nước Pháp là vợ của vua nào?|Luis 14|Luis 15|Luis 16|Vua khác|C</quest>
	<quest>Hồ nào ở Châu Âu được mệnh danh là 'Hồ Hitler' ,là nơi ẩn giấu những kho báu khổng lồ của Đức Quốc Xã?|Saimaa|Como|Toplitz|Oulu|C</quest>
	<quest>Hệ thống thành và cung điện ở kinh thành Huế quay về hướng nào?|Đông|Tây|Nam|Bắc|C</quest>
	<quest>Năm 1941, HCM viết một tác phẩm có câu mở đầu:Dân ta phải biết sử ta.Cho tường gốc tích nước nhà Việt Nam.Đó là tác phẩm nào?|Lịch Sử nước ta|Lịch sử Việt Nam|Lịch Sử của nước|Dân tộc Việt Nam|A</quest>
	<quest>Cách bao nhiêu năm sẽ có ngày 29 tháng 2|4|6|8|16|A</quest>
	<quest>Loài chim nào có thể quay đầu gần hết 360 độ?|Chim cú|Chim ruồi|Đại bàng|Chim cắt|A</quest>
	<quest>Danh thủ bóng đá Michel Platini là người nước nào?|Anh|Pháp|Đức|Braxin|B</quest>
	<quest>Thành ngữ 'Nhất xương, nhì da, thứ ba đến lửa' là nói về kinh nghiệm của ngành nghề nào?|Mây tre đan|Chạm khảm|Gốm sứ|Tơ lụa|C</quest>
	<quest>Đội bóng nào giành nhiều chức vô địch Châu Âu nhất?|Real Madrid|Đức|Italia|Tây Ban Nha|A</quest>
	<quest>Bác Hồ đã có 5 điều dạy thiếu niên, nhi đồng. Vậy Bác đã có mấy lời dạy đối với lực lượng Công an nhân dân?|4|5|6|7|C</quest>
	<quest>Tổng thống Hoa Kỳ G.Bush có chuyến thăm hữu nghị chính thức Việt Nam vào năm nào ?|2004|2005|2006|2003|C</quest>
	<quest>Năm nào được gọi là 'Năm Châu Phi'?|1955|1957|1958|1960|D</quest>
	<quest>Người Việt Nam nào được phong quân hàm tướng của cả hai quốc gia là Việt Nam và Trung Quốc?|Nguyễn Bình|Võ Nguyên Giáp|Nguyễn Sơn|Văn Tiến Dũng|C</quest>
	<quest>Nguyên thủ quốc gia nào đầu tiên đến thăm Việt Nam sau cách mạng tháng 8 thành công?|Liên Xô|CuBa|Ấn Độ|Trung Quốc|C</quest>
	<quest>Tên viết tắt của tổ chức lương thực thế giới là gì?|FAO|UNICEF|IMF|WTO|A</quest>
	<quest>Cuộc khởi nghĩa nào nổ ra sớm nhất sau khi Nhật đảo chính Pháp?|Thái Nguyên|Bắc Sơn|Ba Tơ|Nam Kỳ|C</quest>
	<quest>Trong tôn thất nhà Trần, ai là người biết nhiều ngôn ngữ nhất?|Trần Nhật Duật|Trần Quốc Tuấn|Trần Khánh Dư|Trần Quang Khải|A</quest>
	<quest>Trung tâm của tỉnh Bình Phước là thị xã nào?|Phước Long|Lộc Ninh|Đồng Xoài|Bình Long|C</quest>
	<quest>Vua phá lưới Giải ngoại hạng Anh mùa bóng 2008  2009 là cầu thủ nào?|Nicolas Anelka|Christiano Ronaldo|Fornando Torres|David Beckham|A</quest>
	<quest>Thẻ vàng lần đầu tiên được sử dụng vào World Cup năm nào?|1954|1956|1970|1982|C</quest>
	<quest>Loài động vật nào có da dầy nhất?|Voi|Tê giác|Trâu|Cá voi|B</quest>
	<quest>Máu con người chiếm khoảng bao nhiêu phần trăm nước?|30|48|78|85|C</quest>
	<quest>Diện tích đất liền của Việt Nam là bao nhiêu?|127480 km2|227480km2|327480km2|427480km2|C</quest>
	<quest>Khi ở một mình trên đảo hoang, động vật nào được Robinson sử dụng nhiều nhất?|Lợn rừng|Bò sữa|Dê|Cừu|C</quest>
	<quest>Điều khiển từ xa được phát minh vào năm nào?|1918|1898|1788|1828|C</quest>
	<quest>Máy bay trực thăng được phát minh vào năm nào?|1880|1914|1936|1945|C</quest>
	<quest>Vận động tạo núi Himalaya cách đây khoảng bao nhiêu năm?|20 triệu năm|25 triệu năm|35 triệu năm|15 triệu năm|B</quest>
	<quest>Cô gái mở đường là sáng tác của nhạc sĩ nào?|Phạm Minh Tuấn|Huy Thục|An Thuyên|Xuân Giao|D</quest>
	<quest>Lênin sinh năm bao nhiêu?|1870|1871|1872|1873|A</quest>
	<quest>Nhà thiên văn học vĩ đại Nicolas Copernicus là người nước nào?|Anh|Hy Lạp|Hà Lan|Ba Lan|D</quest>
	<quest>Đèo Ba Dội là tên gọi dân gian của ngọn đèo nào?|Đèo Ngang|Đèo Bông Lau|Đèo Hải Vân|Đèo Tam Điệp|D</quest>
	<quest>Ở Huế có mấy lăng tẩm của các vua nhà Nguyễn?|4|5|6|7|D</quest>
	<quest>Trong tác phẩm Vi hành Nguyễn Ái Quốc đã châm biếm vị vua nào của triều Nguyễn?|Khải Định|Tự Đức|Bảo Đại|Duy Tân|A</quest>
	<quest>Vườn quốc gia Pù Mát nằm ở tỉnh nào?|Hoà Bình|Hải Dương|Nghệ An|Ninh Bình|C</quest>
	<quest>Địa đạo Vĩnh Mốc nằm ở tỉnh nào?|Củ Chi|Quảng Trị|Cần Thơ|Quảng Bình|B</quest>
	<quest>Muốn đến thăm di tích lịch sử Dinh họ Vưong, bạn phải đến địa danh nào?|Lào Cai|Hoà Bình|Tuyên Quang|Hà Giang|D</quest>
	<quest>Chiến tranh Nga  Nhật diễn ra trong bao lâu?|1 năm|2 năm|3 năm|4 năm|A</quest>
	<quest>Đảo khỉ là nơi duy nhất ở Việt Nam nuôi khỉ để sản xuất vắc xin thuộc vùng nào?|Nha Trang|Quảng Ninh|Quảng Bình|Cần Giờ|B</quest>
	<quest>Ca ghép gan đầu tiên tại Việt Nam được thực hiện ở đâu?|Bệnh viện Chợ Rẫy|Viện bỏng Quốc gia|Bệnh viện Nhi trung ương|Bệnh viện Bạch Mai|B</quest>
	<quest>Bài hát Tiến quân ca trở thành quốc ca của nước ta vào năm nào?|1944|1945|1946|1954|B</quest>
	<quest>Tuyên ngôn độc lậpdo Bác viết năm 1945 có sử dụng các chi tiết của bản tuyên ngôn nào sau đây?|TNDL 13 thuộc địa Bắc Mỹ 1776|Tuyên ngôn Nhân quyền và Nhân quyền nước Pháp 1789|Tuyên ngôn Đảng Cộng Sản 1848|Cả A và B|D</quest>
	<quest>Ai là người đầu tiên chứng minh trái đất có dạng hình cầu?|Copecnich|Galileo|Acsimet|Aristotle|D</quest>
	<quest>Phim đầu tiên của người Việt?|Trọn tình|Cánh đồng hoang|Cánh đồng ma|Đồng tiền kẽm tậu được ngựa|D</quest>
	<quest>Bức tranh điêu khắc bằng đá to nhất, dài nhất thế giới nằm ở đâu?|Trung Quốc|Mỹ|Campuchia|Lào|C</quest>
	<quest>Bài phú nổi tiếng trong lịch sử văn học Việt Nam 'Ngọc Tỉnh Liên' là của vị Trạng Nguyên nào?|Nguyễn Hiền|Mạc Đĩnh Chi|Trương Hán Siêu|Lê Văn Thịnh|B</quest>
	<quest>Đất nước nào trên thế giới có hình dạng giống quả ớt?|Cuba|Chile|Brazil|Lào|B</quest>
	<quest>Joseph Haydn, tác giả của 104 bản giao hưởng, cha đẻ của giao hưởng cổ điển quy định một bản giao hưởng gồm bao nhiêu chương?|3|4|5|6|B</quest>
	<quest>Thực vật được chia làm mấy ngành?|2|3|4|5|C</quest>
	<quest>Khởi nghĩa diễn ra năm 722 do ai lãnh đạo?|Mai Hắc Đế|Hoàng Hoa Thám|Hai Bà Trưng|Bà Triệu|A</quest>
	<quest>ASEAN được thành lập vào ngày, tháng, năm nào?|08.08.1976|08.08.1968|06.10.1968|06.10.1987|B</quest>
	<quest>Tên của loại virus đầu tiên trên thế giới?|AVK|Brain|Lilva|XT-81|B</quest>
	<quest>Hành tinh nào lớn nhất trong hệ mặt trời?|Sao Mộc|Sao Kim|Sao Hỏa|Mặt Trời|A</quest>
	<quest>Ai là trạng nguyên nhỏ tuổi nhất Việt Nam?|Nguyễn Hiền|Lương Thế Vinh|Cao Bá Quát|Nguyễn Siêu|A</quest>
	<quest>Khả năng diệt vi khuẩn gây bệnh của bạch cầu được gọi là gì?|Sự thực bào|Sự bài tiết|Sự trao đổi chất|Sự hấp thu|A</quest>
	<quest>Hai câu thơ: 'Quê hương khuất bóng hoàng hôn, trên sông khói sóng cho buồn lòng ai' được dịch từ thơ của ai?|Lý Bạch|Bạch Cư Dị|Đỗ Phủ|Thôi Hiệu|D</quest>
	<quest>Nền văn minh nào là phát triển nhất trong lich sử đất nước Mexico?|Maya|Aztec|Inca|Olmec|B</quest>
	<quest>Người Châu Âu đầu tiên thám hiểm sông Mekong là người nước nào?|Tây Ban Nha|Bồ Đào Nha|Pháp|Hà Lan|B</quest>
	<quest>Vùng công nghiệp lớn nhất nước Đức có tên là gì?|Ruhr|Bavaria|Brandenburg|Saxony|A</quest>
	<quest>Trung tâm tài chính lớn nhất nước Đức thuộc Thành Phố nào?|Frankfurt|Munich|Bremen|Hamburg|A</quest>
	<quest>Nhật Bản là một quần đảo gồm 4 đảo lớn.Thủ đô Tokyo nằm trên đảo lớn nào của Nhật Bản?|Hokkaido|Honsu|Shikoku|Kyusyu|B</quest>
	<quest>Đường hầm xuyên eo biển Manche nối liền 2 quốc gia nào?|Anh - Pháp|Anh - Đức|Đức - Pháp|Italia - Đức|A</quest>
	<quest>Các cao nguyên ở Tây Nguyên hầu hết được bao phủ bởi loại đất gì?|Đất đỏ Bazan|Đất Phèn|Đất mặn|Đất bạc màu|A</quest>
	<quest>Con vật gì được xem như là con bò sữa của ấn độ ?|Dê|Cừu|Trâu|Ngựa|A</quest>
	<quest>Mắt của Lạc đà có bao nhiêu mí?|0|1|2|3|D</quest>
	<quest>Loài cá nào có khả năng lượn trên không trung từ 100-300m?|Cá Chuồn|Cá Đuối|Cá Mập|Cá voi|A</quest>
	<quest>Ai là người Việt nam đầu tiên đạt giải Pianô quốc tế champion?|Đặng Thái Sơn|Cao Thái Sơn|Nguyễn Minh Sơn|Trần Thái Sơn|A</quest>
	<quest>Lê Tư Thành là tên của vị vua nổi tiếng nào?|Lê Thái Tông|Lê Hiến Tông|Lê Thánh Tông|Trần Nhân Tông|C</quest>
	<quest>Trong vở cải lương 'Nghêu, Sò, Ốc, Hến', ai là tên trộm?|Nghêu|Sò|Ốc|Hến|C</quest>
	<quest>Điệu hát bài chòi là thể loại dân ca khá phổ biến ở vùng nào?|Đồng bằng Bắc Bộ|Tây băc|Đồng bằng Nam Bộ|Nam Trung Bộ|D</quest>
	<quest>Tập thơ 'Lỡ bước sang ngang' in lần đầu vào năm 1940, của thi sĩ nào?|Huy Cận|Nguyễn Bính|Tế Hanh|Đoàn Văn Cừ|B</quest>
	<quest>Câu hát 'Những đầm sen, những dòng sông lấp lánh trăng sao, những xóm thôn đồng xanh trải rộng ...' là nói về vùng đất nào?|Vùng Đông Bắc Bộ|Vùng đồng bằng sông Hồng|Vùng duyên hải miền Trung|Vùng đồng bằng sông Cửu Long|D</quest>
	<quest>Micheal Platini  là cầu thủ duy nhất từng lập 2 hattrick tại 1 kỳ Euro, thuộc đội tuyển nào?|Pháp|Đức|Italia|Bồ Đào Nha|A</quest>
	<quest>World Cup 2010 được tổ chức tại quốc gia nào?|Nam Phi|Otto (Đức)|Braxin|Italia|A</quest>
	<quest>Môn thể dục thể hình có mấy hạng cân dành cho nữ?|3|2|1|4|D</quest>
	<quest>Tốc độ tăng trưởng kinh tế Việt Nam năm 2006 là bao nhiêu ( %) ?|8,2%|8,3%|8,4%|8,5%|A</quest>
	<quest>Thượng viện Mỹ đã thông qua hiệp định thương mại Bình thường vĩnh viễn với Việt Nam (PNTR) vào năm nào?|2005|2006|2004|2003|B</quest>
	<quest>Người lãnh đạo phong trào Bình Xuyên trong kháng chiến chống Pháp là ai?|Lý Quang Diệu|Dương Văn Dương|Trương Bá Như|Nguyễn Quốc Triệu|B</quest>
	<quest>Số lượng cửa sông của sông Tiền và sông Hậu theo thứ tự là?|40974|41004|41033|41063|D</quest>
	<quest>Nhân vật lịch sử nào là ông ngoại của anh hùng dân tộc Nguyễn Trãi?|Trần Đình Thâm|Trần Nguyên Đán|Trần Ngạc|Trần Quý Khoáng|B</quest>
	<quest>Tổng đốc Hoàng Diệu, người đã hy sinh năm 1882 để bảo vệ thành Hà Nội, quê gốc của ông ở đâu?|Quảng Bình|Quảng Nam|Thừa Thiên Huế|Hà Nội|B</quest>
	<quest>Mỹ và Liên Xô tuyên bố chấm dứt chiến tranh lạnh vào năm nào?|1985|1988|1986|1989|D</quest>
	<quest>Đại hội anh hùng chiến sĩ thi đua toàn quân lần thứ nhất diễn ra vào tháng năm nào?|Tháng 1 năm 1950|Tháng 1 năm 1952|Tháng 4 năm 1950|Tháng 4 năm 1952|D</quest>
	<quest>Quốc hội khóa mấy là quốc hội ngắn nhất nước ta, chỉ có 1 năm?|II|III|IV|V|D</quest>
	<quest>Dân tộc nào có số lượng đông thứ 2 ở nước ta?|Mường|Tày|Khơ Me|Hoa|B</quest>
	<quest>Hợp chất nào sau đây bao hàm các thuật ngữ còn lại?|Tinh bột|Gluco|Sacarozo|Cacbonhydrat|D</quest>
	<quest>Đường Fructozo là gì?|Axit béo|Đường đơn|Đường đôi|Đường đa|B</quest>
	<quest>Chất mang truyền đạt thông tin di truyền trong tế bào là gì?|ADN|Protein|ARN thông tin|ARN riboxom|A</quest>
	<quest>Trong quá trình hô hấp nội bào, năng lượng ATP được giải phóng nhiều nhất ở giai đoạn?|Đường phân|Chu trình Crep|Chuỗi truyền điện tử|Oxy hoá axit piruvic|C</quest>
	<quest>Ai là nhà du hành vũ trụ Nữ đầu tiên của Mỹ?|Sally K. Ride|Bill FitzPatrick|Friedrich Nietzsche|Candly Ann|A</quest>
	<quest>Từ thuở dựng nước cho đến nay, nước ta đã có bao nhiêu bản tuyên ngôn độc lập?|1|2|3|4|C</quest>
	<quest>Tồn tại hay không tồn tại là câu nói nổi tiếng của nhân vật nào?|Hamlet|The Ghost|Laertes|Claudius|A</quest>
	<quest>Đột biến gen phát sinh trong quá trình giảm phân được gọi là gì?|Đột biến giao tử|Đột biến xôma|Đột biến tiền phôi|Đột biến gây chết|A</quest>
	<quest>Quá trình làm cơ sở cho sự di truyền và sinh sản là gì?|Phiên mã di truyền|Tự sao AND|Sao mã ARN|Tổng hợp protein|B</quest>
	<quest>Con sông nào không phải sông ngòi Nam Bộ?|Sông Tiền|Sông Hậu|Sông Đà Rằng|Sông Sài Gòn|C</quest>
	<quest>Khoảng cách mỗi múi giờ rộng khoảng bao nhiêu?|5 độ kinh tuyến|10 độ kinh tuyến|15 độ kinh tuyến|20 độ kinh tuyến|C</quest>
	<quest>Bán cầu Bắc sẽ nhận được nhiều nhiệt nhất vào ngày nào?|21/03|22/06|23/09|22/12|B</quest>
	<quest>Tiếng chày trên Sóc Bombo là sáng tác của nhạc sĩ nào?|Xuân Hồng|Lư Nhất Vũ|Ánh Dương|Thuận Yến|A</quest>
	<quest>Xuân chiến khu là sáng tác của nhạc sĩ nào?|Đỗ Nhuận|Xuân  Hồng|Ánh Dương|Lư Nhất Vũ|B</quest>
	<quest>Những ánh sao đêm là sáng tác của nhạc sĩ nào?|Phan Huỳnh Điểu|Đỗ Nhuận|Huỳnh Thơ|Thế Song|A</quest>
	<quest>Người con gái sông La là sáng tác của nhạc sĩ nào?|Doãn Nho và Phương Thanh|Nguyễn Đình Thi|Chu Minh|Phan Nhân|A</quest>
	<quest>Gửi nắng cho em là sáng tác của nhạc sĩ nào?|Trần Tiến|Phan Huỳnh Điểu|Phạm Tuyên|Từ Linh|C</quest>
	<quest>Phan Thanh Viễn là tên thật của nhà thơ nào sau đây?|Chế Lan Viên|Tản Đà|Viễn Phương|Tố Hữu|C</quest>
	<quest>Cơ sở vật chất chủ yếu của sự sống là gì?|Protein|Axit Nucleic|Protein và Axit Nucleic|Carbon hydrat|C</quest>
	<quest>C.Mác làm Tổng biên tập cho tờ báo nào vào năm 1842?|Biên niên Pháp Đức|Tình cảnh giai cấp CN Anh|Tuyên ngôn Đảng Cộng sản|Báo sông Ranh|D</quest>
	<quest>Trong thời kỳ âm nhạc cổ điển, khi mà các bản giao hưởng đều có 4 chương thì tác phảm nào lại có 5 chương?|Bản giao hưởng đồng quê -  Beethoven|Bốn mùa - Vivaldi|Hành khúc Thổ Nhĩ Kỳ - Mozart|Sông Danube xanh - Strauss|A</quest>
	<quest>Giải thưởng điện ảnh và truyền hình BAFTA là của nước nào?|Mỹ|Ấn Độ|Anh|Italya|C</quest>
	<quest>Heraclit coi cái gì là yếu tố đầu tiên của nguồn gốc loài người?|Lửa|Nước|Vũ trụ|Đất|A</quest>
	<quest>Sinh vật được chia thành bao nhiêu giới?|2|4|5|7|C</quest>
	<quest>Cầu thủ nào từng chơi nhiều trận chung kết World Cup nhất?|Platini|Maradonna|Cafu|Pele|C</quest>
	<quest>Đội tuyển quốc gia nào có tổng số bàn thua nhiều nhất trong các kỳ World Cup?|Ukraina|Ai len|Đức|Brazil|C</quest>
	<quest>Con vật gì được xem là Quốc Thú ở NêPan?|Con bò|Con Ngựa|Con dơi|Con Mèo|A</quest>
	<quest>Bộ phim nào vừa được Hiệp hội tác giả miền Đông Hoa Kỳ (WGAE) và Hiệp hội tác giả miền Tây Hoa Kỳ (WGAW) bình chọn là bộ phim có kịch bản hay nhất mọi thời đại?|Citizen Kane|Casablanca|Gone With The Wind|God Fath|B</quest>
	<quest>Ông vua nào của Pháp được xưng tôn là 'Ông vua mặt trời' và cũng chính là người đã đưa ra ý tưởng về việc xây dựng cung điện Versailes?|Louis 16|Louis 14|Charles 7|Henry 4|B</quest>
	<quest>Liên Bang Sôviết xây dựng thành công CNXH vào gian đoạn nào sau đây?|1917-1968|1925-1941|1940-1991|1945-1971|B</quest>
	<quest>Cấu trúc của một bài Cáo thường có mấy phần?|3|4|5|6|B</quest>
	<quest>Đất nước nào được mệnh danh là 'Đất nước Triệu Voi'?|Lào|Thái Lan|Campuchia|Malaysia|A</quest>
	<quest>Sáng tác nào không phải của nhạc sĩ Đoàn Chuẩn?|Lá thư|Thu quyến rũ|Đường chúng ta đi|Cánh hoa duyên kiếp|C</quest>
	<quest>Con vật nào không có trong 'Lục súc tranh công'?|Lợn|Chó|Ngựa|Mèo|D</quest>
	<quest>Euro lần đầu tiên được tổ chức tại quốc gia nào?|Đức|Pháp|Italia|Bồ Đào Nha|B</quest>
	<quest>Quốc gia nào tham dự nhiều kỳ Euro nhất?|Đức|Italia|Pháp|Bồ Đào Nha|A</quest>
	<quest>Tôi chỉ muốn cưỡi cơn gió mạnh, đạp bằng sóng dữ, chém cá kình ở Biển Đông, đánh đuổi quân Ngô, giành lại giang san, cởi ách nô lệ chứ tôi không chịu khom lưng làm tì thiếp người ta! là câu nói của ai?|Triệu Thị Trinh - Bà Triệu|Bà Trưng|Lê Chân|Trinh Thục|A</quest>
	<quest>Quốc gia có nhiều người nói tiếng Tây Ban Nha nhất là ?|Tây Ban Nha|Argentina|Mexico|Chile|C</quest>
	<quest>Thành phố nào được mệnh danh là Paris của Phương Đông?|Sài Gòn|Hong Kong|Thượng Hải|BangKok|C</quest>
	<quest>Thủ đô của Nepal là gì?|Kathmadu|Nairobi|Daressalam|Islamabad|A</quest>
	<quest>Sông nào dài thứ 3 ở Châu Âu?|Volga|Danube|Rhine|Thames|C</quest>
	<quest>2 kim loại nào chứa tỉ lệ nhiều nhất trong thành phần của đất feralit ?|Đồng - Chì|Sắt - Nhôm|Kẽm - Bạc|Chì - Bạc|B</quest>
	<quest>Người dân Vatican sử dụng loại tiền nào là chủ yếu?|Euro|Franc - Thụy Sĩ|Lira - Ý|Không sử dụng tiền|B</quest>
	<quest>Muốn đến quê hương của đức Phật, ta phải đến quốc gia nào?|Nepal|Pakistan|Ấn Độ|Israel|A</quest>
	<quest>Tính từ thời nhà Đinh cho tới vị vua cuối cùng của Triều Nguyễn thì lịch sử nước ta đã có tổng cộng bao nhiêu vị vua và chúa?|100|106|108|120|C</quest>
	<quest>Đàn bầu xuất hiện ở Việt Nam vào khoảng thời gian nào?|Thế kỷ thứ 7|Thế kỷ thứ 9|Thế kỷ thứ 11|Thế kỷ thứ 17|A</quest>
	<quest>Changhon là một trong 2 hệ phái lớn của môn võ nào?|Taekwondo|Karatedo|Vịnh xuân quyền|Wushu|A</quest>
	<quest>Nguồn gốc tên nước này có nghĩa là 'ngôi làng'?|Đài Loan|Mexico|Hàn Quốc|Canada|D</quest>
	<quest>Năm 1928, nhân vật hoạt hình nào lần đầu tiên xuất hiện?|Thủy thủ Popeye|Vịt Donald|Chuột Mickey|Tom &amp; Jerry|C</quest>
	<quest>Machu Pichu là tên một di tích lịch sử ở Quốc gia nào ngày nay ?|Boliva|Ecuador|Peru|Colombia|C</quest>
	<quest>Mandalay là cố đô của đất nước nào ở Châu Á?|Bhutan|Nepal|Sri Lanka|Myanmar|D</quest>
	<quest>Phong cách kiến trúc nào sau đây là tiêu biểu cho đất nước Bồ Đào Nha?|Baroque|Goldic|Manueline|Romanesque|C</quest>
	<quest>Marie Curie (1867-1934) nữ bác học người Pháp đầu tiên trên thế giới đã nhận 2 giải Nobel trong các lĩnh vực nào sau?|Vật lý-Hoá Học|Hoá học - Sinh học|Hoá học-Hoà bình|Vật lý -Hoà bình|A</quest>
	<quest>Trong truyện 'Chiếc lá cuối cùng' của nhà văn Ô-hen-ri, bác pơ-men đã vẽ chiếc lá lên đâu?|Một bức tường|Một bàn tay|Một tấm toan|Một cuốn lưu niệm|A</quest>
	<quest>Việt Nam đã trải qua bao nhiêu năm đàm phán để được gia nhập tổ chức thương mại thế giới (WTO) ?|10|11|12|13|B</quest>
	<quest>Ngày 24.10 là quốc khánh của quốc gia nào sau đây?|Somalia|Senegal|Zambia|Zimbabwe|C</quest>
	<quest>Ngày 27.08 là quốc khánh của quốc gia nào sau đây?|Monaco|Mông Cổ|Moldova|Malaysia|C</quest>
	<quest>Tiểng kêu khi bạn bẻ các khớp ngón tay là từ đâu?|Va chạm sụn khớp|Gân bị giãn|Bóng khí nổ|Áp suất máu tăng|C</quest>
	<quest>Tên hòn đảo có diện tích lớn nhất ở quần đảo Trường Sa nào là đúng nhất?|Ba Bình|Ba Vì|La Bình|Sơn Bình|A</quest>
	<quest>Ở Hy Lạp, có vị thần KaliCagi mắt đỏ tóc xoăn thường xuất hiện ở dịp nào?|Ngày năm mới|Lễ tình yêu|Lễ giáng sinh|Lễ quốc khánh|C</quest>
	<quest>Vùng Duyên Hải miền Trung Việt Nam là vùng có thế mạnh về?|Trồng cây công nghiệp|Chăn lợn, gia cầm|Chăn trâu bò|Sản xuất lúa nước|B</quest>
	<quest>Nơi lòng sông Mê kông mở rộng nhât thuộc biên giới nước nào?|Lào - Campuchia|Việt Nam - campuchia|Trung Quốc - Myanmar|Myanmar - Thái Lan|A</quest>
	<quest>Theo Phong Thuỷ, trong các kiến trúc sau. Kiến truc nào sẽ đem lại điềm gở?|Các cửa xoay vòng|Các gác tròn|Các sân tròn|Các cột chống vuông|D</quest>
	<quest>Con sóng dài nhất thế giới đã từng diễn ra ở quốc gia nào?|Brazil|Chile|Hoa Kỳ|Sri Lanka|A</quest>
	<quest>Từ điểm cực Đông sang điểm cực Tây nơi rộng nhất của nước ta khoảng bao nhiêu kilomet?|60Km|600Km|6000Km|60.000Km|B</quest>
	<quest>Quốc gia nào trung bình mỗi người dân uống 83 lít bia mỗi năm, là nước uống bia nhiều nhất thế giới?|Đan Mạch|Venezuela|Pháp|Cuba|B</quest>
	<quest>Quốc gia nào là nước chi cho giáo dục nhiều nhất thế giới?|CuBa|Guinea|Qatar|Trung Quốc|A</quest>
	<quest>Pháp là nước có người ngủ nhiều nhất thế giới, trung bình mỗi người Pháp ngủ bao nhiêu giờ mỗi ngày?|8 giờ|8 giờ 30 phút|8 giờ 50 phút|9 giờ|C</quest>
	<quest>Quốc gia nào có tuổi thọ trung bình thấp nhất thế giới?|Nhật Bản|Afganistan|Somalia|Nigieria|D</quest>
	<quest>Trong 7 kỳ quan thế giới, kỳ quan nào có giá trị trong thực tiễn sử dụng cao nhất?|Hải đăng Alexandria|Kim tự tháp|Vườn treo Babylon|Lăng mộ Mausolus|A</quest>
	<quest>Nam quốc sơn hà được sáng tác vào năm nào?|1074|1075|1076|1077|C</quest>
	<quest>Tập truyện Harry Potter lừng danh xuất hiện đầu tiên vào năm nào?|1995|1996|1997|1998|C</quest>
	<quest>Người dân quốc gia nào hút thuốc lá nhiều nhất thế giới?|Hy Lạp|Cuba|Yemen|Nam Phi|A</quest>
	<quest>Quốc gia nào có sự chênh lệch về giới tính ít nhất hành tinh?|Qatar|Trung Quốc|Việt Nam|Latvia|D</quest>
	<quest>Tính đến thời điểm năm 2010, cầu Donghai là chiếc cầu dài nhất thế giới, cây cầu dài khoảng bao nhiêu?|11.265m|24.140m|32.500m|42.500m|C</quest>
	<quest>Nếu bạn sinh năm 1885 thì bạn bằng tuổi ai?|Faraday|M. Planck|Anhxtanh|N. Bohr|D</quest>
	<quest>Để độc chiếm thị trường, Pháp đánh thuế rất nặng vào hàng hoá của các nước nhập vào Đông Dương, đó là?|Ấn Độ|Trung Quốc, Nhật|Thái Lan|Mông Cổ|B</quest>
	<quest>Khẩu hiệu Tổ quốc và tự do của Cuba có từ thế kỷ nào?|Thế kỷ 6,7|Thế kỷ 8|Thế kỷ 10, 11|Thể kỷ 12, 13|B</quest>
	<quest>Tốc độ bay của muỗi là bao nhiêu?|0.5km đến 1km|1.5km đến 2.5km|2.5km đến 3.5km|2.5km đến 3.5km|B</quest>
	<quest>Bút bi được phát minh vào năm nào?|1938|1920|1890|1955|A</quest>
	<quest>Ngày 09.03.1957, một trận động đất mạnh 9.1 độ richter xảy ra tại nơi nào?|Cam Túc Trung Quốc|QĐ Andreanof Hoa Kỳ|Valdivia Chile|Đảo Vancouver Canada|C</quest>
	<quest>Quê gốc của Lý Thường Kiệt là vùng đất nào?|Kinh Bắc|Thuận Hoá|Hồng Châu|Thăng Long|D</quest>
	<quest>Ai tự xưng mình là Hậu Lý Nam Đế?|Lý Phật Tử|Lý Bí|Lý Công Uẩn|Lý Chiêu Hoàng|A</quest>
	<quest>Trong thần thoại Hy Lạp, người anh hùng nào đã lấy cắp lửa của thân linh cho loài người?|Akhil|Hecculơ|Thêxê|Prômêtê|D</quest>
	<quest>Nicolas Copecnic, người phản bác Trái đất là trung tâm vũ trụ là người nước nào?|Hà Lan|Hy Lạp|Đức|Ba Lan|D</quest>
	<quest>Di sản văn hoá phi vật thể đầu tiên của Việt Nam được UNESCO công nhận?|Múa rối nước|Nhã nhạc cung đình Huế|Hát quan họ|Cải lương|A</quest>
	<quest>Bộ luật ban hành dưới triều Nguyễn là luật gì?|Luật Hình thư|Luật Hồng Đức|Hoàng triều luật lệ|Quốc triều hình luật|C</quest>
	<quest>Tuyên ngôn Nhân quyền và Dân quyền 081789 và Hiến pháp 1791 ở Pháp phục vụ chủ yếu cho quyền lợi của giai cấp và tầng lớp nào?|Tư sản|Vô sản|Tiểu tư sản|Tăng lữ|A</quest>
	<quest>Cách mạng tư sản Anh giữa thế kỷ XVII đem lại quyền lợi cho?|Nhân dân lao động|Quý tộc cũ|Giai cấp tư sản và quý tộc mới|Vua nước Anh|C</quest>
	<quest>Quảng Trường Lớn  1 quảng trường hùng vĩ là tượng trưng cho thương hội Bruxelles thời Trung Cổ có nhiều của cải, hiện đang ở đâu?|Bỉ|Mỹ|Nhật|Nga|A</quest>
	<quest>Ai là người giải thích sự hình thành của Cacbon 14?|W. F. Libby|Lomoloxop|Dalton|Boile|A</quest>
	<quest>Điện thoại là một thiết bị viễn thông dùng để truyền và nhận âm thanh thông dụng nhất là truyền giọng nói từ x Được phát minh vào năm?|1876|1895|1910|1920|A</quest>
	<quest>Nước này bao gồm 1 hòn đảo chính và 63 đảo nhỏ khá Hẩu hết các hòn đảo này đều không có dân  cư. Đây là nước nào?|Brunei|Đông Timor|Singapore|Philippines|C</quest>
	<quest>Sán Déo là tên gọi khác của dân tộc nào ở nước ta?|Ngái|Êđê|Khmer|Sán Dìu|D</quest>
	<quest>Máy rút tiền tự động được phát minh vào năm nào?|1992|1980|1967|1950|C</quest>
	<quest>Mán là tên gọi khác của dân tộc nào ở nước ta?|Dao|Nùng|Tầy|Mường|A</quest>
	<quest>Hoàng cung Diocletian, 1 kỳ quan thế giới nằm ở quốc gia nào?|Nam Phi|Nam Tư|Ấn Độ|Pakistan|B</quest>
	<quest>Tu viện Metéora trên núi đã chống trời, nơi các tăng lữ sống khổ hạnh thờ Thượng đế, hiện đang ở quốc gia nào?|Hy Lạp|Ấn Độ|Ai Cập|Marroc|A</quest>
	<quest>Trên bán cầu Nam thì cực giá lạnh nằm gần trạm nam cực Saiudơ gần Vostok, nơi này đã ghi nhận được nhiệt thấp 83 độ C vào ngày nào?|21.07.1983|12.07.1983|10.07.1983|23.07.1983|A</quest>
	<quest>Trương Vĩnh Ký được ghi trong Bách khoa Tự điển Larousse và là một trong 18 văn hào thế giới thế kỷ 19. Ông thông thạo bao nhiêu thứ tiếng?|12|18|26|33|C</quest>
	<quest>Khối Warszawa là một liên minh gồm bao nhiêu nước?|4|6|8|10|C</quest>
	<quest>Sự cố sập 2 nhịp dẫn làm hàng chục nhân công hy sinh trong lúc đang thi công cầu Cần Thơ vào ngày tháng năm nào?|29.09.2004|24.04.2010|26.09.2009|26.09.2007|D</quest>
	<quest>Karaoke do ông Inoue Daisuke người Nhật phát minh vào năm 1971, khi đó ông bao nhiêu tuổi?|31|32|33|34|A</quest>
	<quest>Nhiệt độ cao nhất trên thế giới được ghi nhận ở đâu?|Thung lũng California|Sa mạc Sahara|Sa mạc Lybia|Sa mạc Gobi|C</quest>
	<quest>Bình Tây Đại nguyên soái là danh hiệu nhân dân phong cho thủ lĩnh nào?|Trương Định|Nguyễn Hữu Huân|Nguyễn Trung Trực|Võ Duy Dương|A</quest>
	<quest>Đồng bằng sông Hồng và đồng bằng sông Cửu Long được hình thành trong giai đoạn sau?|Đại cổ sinh|Đại trung sinh|Đại tân sinh|Đại nguyên sinh|C</quest>
	<quest>Nhân trong của trái đất vật chất ở trạng thái gì?|Quánh dẻo|Rắn|Lỏng và quánh dẻo|Lỏng|B</quest>
	<quest>Quốc gia nào dành nhiều thời gian cho việc ăn uống nhất thế giới?|Somalia|Hoa Kỳ|Cuba|Thổ Nhĩ Kỳ|D</quest>
	<quest>Vị hoàng đế cuối cùng bị lật đổ và Trung Quốc trở thành nước cộng hoà vào năm nào?|1908|1909|1910|1911|D</quest>
	<quest>Tính đến thời điểm năm 2010, chiếc cầu nào là cầu dài nhất thế giới?|Cầu San Mateo  Haywards|Cầu Donghai|Cầu Chesapeake|Cầu Vasco da Gama|B</quest>
	<quest>Ai là người phát minh ra điện thoại?|Alexander Graham Bell|O. von Guericke|Milikhan|Culoumb|A</quest>
	<quest>Nhiệt độ trên bề mặt của mặt trời vào khoảng bao nhiêu độ?|6.000 độ C|6.000.000 độ C|15.000.000 độ C|15.000 độ C|A</quest>
	<quest>Quốc gia nào có tỷ lệ mua bán cao nhất hành tinh?|Trung Quốc|Nhật Bản|Iceland|Ireland|C</quest>
	<quest>Người dân quốc gia nào tiêu thụ lượng cồn nhiều nhất thế giới?|Venezuela|Nhật Bản|Australia|Đan Mạch|C</quest>
	<quest>Khẩu hiệu Tổ quốc và tự do là của quốc gia nào?|Mỹ|Cuba|Afghanistan|Kosovo|B</quest>
	<quest>Nhạc cụ gõ cổ nhất của Việt Nam là nhạc cụ nào?|Trống|Cồng , chiêng|Đàn Trưng|Đàn đá|D</quest>
	<quest>Bang lớn nhất của đất nước Australia?|Menbourn|Hicalor|Sydney|Western Australia|D</quest>
	<quest>Trụ sở đầu não của Taliban đặt ở đâu?|Kandahar|Nedaher|Istanbul|Aflirea|A</quest>
	<quest>Vịnh Hạ Long có diện tích khoảng bao nhiêu kilomet vuông?|Khoảng  1.200 Km2|Khoảng 1.300 Km2|Khoảng 1.400 Km2|Khoảng 1.500 Km2|D</quest>
	<quest>Thành phố nào lớn nhất Thổ Nhĩ Kỳ, trước đây được gọi là Constantinople?|InBuder|Istanbul|Galatasaray|TenPhor|B</quest>
	<quest>Ở vòng cực Nam, ngày duy nhất dài 24h là?|21.03|22.06|23.09|22.12|D</quest>
	<quest>Phở được mang vào miền Nam, cụ thể ở Sài Gòn vào năm nào?|1554|1994|1954|1945|C</quest>
	<quest>Đau khổ vì yêu, dù sao cũng dễ chịu hơn là thiếu tình yêu là câu nói của ai?|Tourgeunev|Virgile|O.S. Warden|Krassovsky|D</quest>
	<quest>Ai là người tạo ra môn lý luận học?|Copecnich|Galileo|Newton|Aristotle|D</quest>
	<quest>Cầu Kapobruck là cầu gỗ cổ xưa nhất châu Âu, nó bảo vệ thành trì khỏi bị tấn công, đó là cầu của quốc gia nào?|Thuỵ  Điển|Thuỵ Sĩ|Đan Mạch|Na Uy|B</quest>
	<quest>Tường biên giới Hadrian, một bình phong khổng lồ kéo dài trên đỉnh núi, xây dựng thê kỷ 2 công nguyên ở quốc gia nào?|Pháp|Anh|Ai Cập|Hy Lạp|B</quest>
	<quest>Trên thị trường, vàng độc quyền đóng vai trò làm vật ngang giá chung vào thế kỷ nào?|Thế kỷ 16|Thế kỷ 17|Thế kỷ 18|Thế kỷ 19|D</quest>
	<quest>Hoá tệ kim loại xuất hiện từ khi nào?|Từ cuối thế kỷ 19|Từ cuối thế kỷ 18|Đầu thế kỷ 17|Thế kỷ 16|A</quest>
	<quest>Liên minh Việt  Miên  Lào được thành lập vào ngày tháng năm nào?|11.3.1951|3.3.1951|13.3.1951|21.3.1951|A</quest>
	<quest>Guatemala là thủ đô của quốc gia nào?|Guatemala|Guam|Ghana|Gabong|A</quest>
	<quest>Tegucigalpa là thủ đô của quốc gia nào?|Hongkong|Honduras|Haiti|Hungary|B</quest>
	<quest>Ka Beo là tên gọi khác của dân tộc nào ở nước ta?|Pu Péo|Sán Dìu|Ngái|Êđê|A</quest>
	<quest>Trận Điện Biên Phủ trên không xảy ra vào hồi nào và thuộc địa danh nào?|5/1975  Sài Gòn|12/1972  Hà Nội|5/1954  Điện Biên Phủ|8/1964  Hàm Rồng|B</quest>
	<quest>Khu di tích lịch sử Đền Hùng bao gồm bao nhiêu đền chính?|2|3|5|7|B</quest>
	<quest>Trên bán cầu Bắc thì cực giá lạnh nằm tại miền Siberia, gần Tp. Oymyakon, nơi có nhiệt độ thấp nhất 77 độ C, được ghi nhận vào ngày nào?|14215|26/02/1938|26/01/1938|14001|C</quest>
	<quest>Pin được phát minh vào năm nào?|1700|1750|1800|1850|C</quest>
	<quest>Tên khoa học của loài sửa bất tử sống ở vùng biển Carribe?|Panthera tigris|Helianthus asteraceae|turritopsis nutricula|Chanca piedra|C</quest>
	<quest>Bạn hãy cho biết mức chở tối đa của xe đạp thồ là bao nhiêu?|252 Kg/chuyến|152 kg/chuyến|352 Kg/chuyến|452 Kg/chuyến|C</quest>
	<quest>Hoá tệ kim loại xuất hiện từ khi nào?|Từ cuối thế kỷ 19|Từ cuối thế kỷ 18|Đầu thế kỷ 17|Thế kỷ 16|A</quest>
	<quest>Lời nói thật là cách xã giao tốt nhất là câu nói của ai?|Tourgeunev|B Montesquieu|Virgile|Kant|A</quest>
	<quest>Trận động đất có cường độ lớn nhất xảy ra tại Chile, nó có cường độ bao nhiêu?|9.3 richter|9.4 richter|9.5 richter|9.6 richter|C</quest>
	<quest>Ngày 26/12/2004, một trận động đất mạnh 9.0 độ richter xảy ra tại nơi nào?|Kamchatka Nga|QĐ Andreanof Hoa Kỳ|Sumatra Indonesia|Assam Tây Tạng|C</quest>
	<quest>Thảm họa Chernobyl xảy ra vào ngày tháng năm nào|26/4/1986|26/4/1987|26/4/1988|26/4/1989|A</quest>
		<quest>Ngày thu phân là ngày nào?|22-6|22-4|23-9|23-5|C</quest>
	<quest>con sên có mấy cái mũi?|2|3|4|1|C</quest>
	<quest>Quang Trung đã hẹn quân sĩ mùng mấy tết sau khi chiến thắng sẽ mở tiệc ăn mừng?|4|5|6|7|D</quest>
	<quest>Đường sắt cao nhất thế giới hiện tại nằm ở đâu?|Nga|Hà Lan|Canada|Trung Quốc|D</quest>
	<quest>Quê hương của cối xay gió?|Iran|Hà Lan|Bỉ|Italia|A</quest>
	<quest>Đất nước nào trên thế giới đứng thứ 3 về xuất khẩu lúa gạo?|Việt Nam|Thái Lan|Campuchia|Inđônêxia|D</quest>
	<quest>Trong truyện ngắn 'Ông lão đánh cá và con cá vàng', ông lão đã ra biển mấy lần?|3|4|5|6|D</quest>
	<quest>Đội bóng nào đã vô địch WC 1998?|Pháp|Brazil|Italia|Đức|A</quest>
	<quest>Bài hát 'Thanh niên làm theo lời bác' hay 'Đoàn ca' là sáng tác của ai?|Hoàng Hòa|Trần Hiếu|Trần Tiến|không phải 3 tác giả trên|A</quest>
	<quest>Bộ phim 'Trở về' (1994) do ai đạo diễn?|Đặng Nhật Minh|Đới Xuân Việt|Nguyễn Vĩnh Sơn|Hải Ninh|A</quest>
	<quest>Trong bài thơ Côn Sơn, Nguyễn Trãi đã miêu tả tiếng suối với nhạc cụ nào?|Đàn tì bà|Đàn bầu|Đàn nguyệt|Đàn cầm|D</quest>
	<quest>Bài hát 19-8 là sáng tác của ai?|Xuân Oanh|Trần Tiến|Trần Hiếu|Minh Quân|A</quest>
	<quest>Bộ tem bưu chính đầu tiên của VN in hình gì?|Chân dung Hồ Chí Minh|Hình chùa một cột|Hình Hồ Gươm|Hình bông sen|A</quest>
	<quest>Tổng thống john Kenedy bị ám sát vào năm nào?|1960|1962|1963|1965|C</quest>
	<quest>Nước ta có tên là Việt Nam dưới thời vua nào?|Gia Long|Quang Trung|Bảo Đại|Không Phải 3 người trên|A</quest>
	<quest>Từ năm 1930 đến nay, có mấy lần không tổ chức vòng chung kết bóng đá woldcup?|1|2|3|4|B</quest>
	<quest>Công trình thủy lợi Hồ Kẻ Gỗ thuộc địa bàn tỉnh nào?|Hà Tĩnh|Thái Bình|Quảng Trị|Không phải 3 tỉnh trên|A</quest>
	<quest>Bề rộng của băng từ được chia làm mấy rãnh ghi?|2|4|6|5|B</quest>
	<quest>Hai để quốc nào xuất hiện trong bài thơ 'Con cáo và chùm nho' của Hồ Chí Minh?|Pháp-Mỹ|Nhật-Pháp|Trung Quốc-Mỹ|Không xuất hiện|B</quest>
	<quest>Christob colomb đã khám phá ra châu Mỹ vào năm nào?|1490|1491|1492|1493|C</quest>
	<quest>World Cub lần đầu tiên có bao nhiêu đội tham dự?|11|12|13|15|C</quest>
	<quest>Phần 1 và 2 của bộ phim Harry Potter do ai đạo diễn?|Christina Anguilera|James Cameron|Scorpions|Không phải 3 người trên|B</quest>
	<quest>Giải thưởng Nobel trao cho các nhà khoa học trong bao nhiêu lĩnh vực?|6|9|12|15|A</quest>
	<quest>Chiến dịch Việt Bắc diễn ra vào năm nào?|1944|1945|1946|1947|D</quest>
	<quest>Tổng thống nào từng là một phi công hải quân được tặng thưởng huân chương?|George H. W. Bush|Ronald Reagan|Richard Nixon|John F. Kennedy|A</quest>
	<quest>Ông là người sáng lập ra hãng ôtô nổi tiếng, tuy nhiên ông còn là một thợ sửa đồng hồ rất giỏi.|Toyoda Kiichiro|Henry Ford|Soichiro Honda|Chung Ju-Yung|B</quest>
	<quest>Tên dân gian của Venus (Sao Kim)|Sao khuê|Sao chức nữ|Sao bắc đẩu|Sao mai hay Sao hôm|D</quest>
	<quest>Hệ mặt trời có mấy hành tinh|6|7|8|9|C</quest>
	<quest>Tính theo khoảng cách gần Mặt trời nhất, sao Thủy đứng thứ mấy?|1|2|3|4|A</quest>
	<quest>Tính theo khoảng cách gần Mặt trời nhất, sao Kim đứng thứ mấy?|1|2|3|4|B</quest>
	<quest>Tính theo khoảng cách gần Mặt trời nhất, Trái Đất đứng thứ mấy?|1|2|3|4|C</quest>
	<quest>Tính theo khoảng cách gần Mặt trời nhất, sao Hỏa đứng thứ mấy?|1|2|3|4|D</quest>
	<quest>Tính theo khoảng cách gần Mặt trời nhất, sao Mộc đứng thứ mấy?|5|6|7|8|A</quest>
	<quest>Tính theo khoảng cách gần Mặt trời nhất, sao Thổ đứng thứ mấy?|5|6|7|8|B</quest>
	<quest>Tính theo khoảng cách gần Mặt trời nhất, sao Thiên Vương đứng thứ mấy?|5|6|7|8|C</quest>
	<quest>Tính theo khoảng cách gần Mặt trời nhất, sao Hải Vương đứng thứ mấy?|5|6|7|8|D</quest>
	<quest>Nếu bạn đang ở vĩ độ 0, kinh độ 0, bạn đang ở:|Greenwich (Anh Quốc)|Đại Tây Dương|Ghana (Quốc gia tại Tây Phi)|Hawaii (Bang thứ 50 của Mỹ)|B</quest>
	<quest>Con sông nào chảy qua 10 nước châu Âu và 3 thủ đô?|Danube (Đa Nuýp)|Volga|Thames|Rheil|A</quest>
	<quest>Thành phố thủ đô của quốc gia nào nằm ở gần cực bắc nhất?|Iceland (Ai Xơ Len)|Stockholm (Thụy Điển)|Moskva (Nga)|Victoria (Cabada)|A</quest>
	<quest>Biển nội địa có diện tích rộng nhất?|Biển Caspi|Thái bình dương|Biển hồng hải|Địa trung hải|D</quest>
	<quest>Nơi có hải cảng sầm uất nhất thế giới, bạn cho biết tên thành phố này?|London|New York|Thượng Hải|Trân Châu Cảng|C</quest>
	<quest>Núi lửa hoạt động lớn nhất thế giới hiện nay nằm ở đâu?|Indonesia|Nhật Bản|Philippines|Quần đảo Hawaii|D</quest>
	<quest>Hồ nào lớn nhất thế giới?|Baikal|Ngũ Đại Hồ|Caspi|Victoria|C</quest>
	<quest>Nhiệt độ cao nhất thế giới được ghi nhận ở đâu?|Thung lũng chết California|Sa mạc Sahara|Sa mạc Libya|Sa mạc Gobi (Mông cổ)|C</quest>
	<quest>Thụy Điển nổi tiếng với thể loại nhạc nào?|Dance|Jazz|Pop|Cổ điển|C</quest>
	<quest>Bạn cho biết vua Lê nào được lịch sử tôn làm anh hùng?|Lê Hiền Tông|Lê Chiêu Tông|Lê Thái Tổ|Lê Thánh Tông|C</quest>
	<quest>Khối Warszawa là một liên minh gồm bao nhiêu nước?|4|5|6|8|D</quest>
	<quest>Che Guevara hay El Che là một nhà hoạt động cách mạng nổi tiếng, bạn cho biết ông là người nước nào?|Cuba|Argentina|Venezuela|Mexico|B</quest>
	<quest>Dưới đời nhà Trần, ai là thầy giáo, nhà nho được nhiều người trọng dụng nhất?|Trương Hán Siêu|Chu Văn An|Nguyễn Trãi|Phạn Sư Mạnh|B</quest>
	<quest>Thuật ngữ Tông giáo vốn dùng để chỉ đạo nào?|Công giáo|Phật giáo|Các tôn giáo|Tất cả đúng|B</quest>
	<quest>Văn Miếu, trường đại học đầu tiên của Việt Nam, được xây dựng dưới triều đại nào?|Nhà họ Lý|Nhà họ Trần|Nhà họ Ngô|Nhà họ Nguyễn|A</quest>
	<quest>Triều đại nhà Nguyễn bắt đầu từ năm nào?|1802|1790|1845|1860|A</quest>
	<quest>Thủ đô nước nào lâu đời nhất đông Nam Á?|Bangkok - Thái Lan|Viêng Chăn - Lào|Phnom Penh - Campuchia|Hà Nội - Việt Nam|D</quest>
	<quest>Bạn cho biết từ năm 2001, mức lương của tổng thống Mỹ là bao nhiêu (USD)?|300.000|400.000|500.000|600.000|B</quest>
	<quest>Bộ phim hoạt hình nổi tiếng Shrek của hãng nào sản xuât?|Walt Disney|Pixar|Dream Works Animation|Madhouse|C</quest>
	<quest>Nhạc sĩ Trịnh Công Sơn từng đoạt giải 'Đĩa vàng' tại Nhật với ca khúc nào?|Bông hồng cài áo|Ngủ đi con|Huyền thoại mẹ|Nguồn cội|B</quest>
	<quest>Thủ đô của Canada là?|Quebec|Montreal|Ontario|Ottawa|D</quest>
	<quest>Tên 'Nhập Vân Long' là tên hiệu của nhân vật nào trong bộ tiểu thuyết nổi tiếng Thủy Hử?|Lâm Xung|Lỗ Trí Thâm|Công Tôn Thắng|Lý Quỳ|C</quest>
	<quest>Tác phẩn nổi tiếng 'Chuông nguyện hồn ai' của nhà văn nào?|Hector Malo|Mark Twain|Victor Hugo|Ernest Miller Hemingway|D</quest>
	<quest>Bộ phim 'Sao tháng 8' của điện ảnh Việt Nam ra đời năm nào?|1976|1977|1978|1979|A</quest>
	<quest>Ai được mệnh danh là 'Tam Nguyên Yên Đổ'|Nguyễn Khuyến|Nguyễn Bỉnh Khiêm|Nguyễn Du|Nguyễn Trãi|A</quest>
	<quest>Phần lớn các khoáng sản của nước ta có trữ lượng thuộc loại?|Lớn|Vừa|Nhỏ|Vừa và nhỏ|C</quest>
	<quest>Về mùa hạ ở châu Á có trung tâm áp thấp ở đâu?|Iceland|Australia|Hawaii|Iran|D</quest>
	<quest>Nước ta có khoảng bao nhiêu loài thực vật?|14.000 loài|14.600 loài|15.500 loài|15.000 loài|B</quest>
	<quest>Ngành được xem là thước đo trình độ phát triển kinh tế  kỹ thuật của mọi quốc gia trên thế giới là ngành công nghiệp nào trong các ngành sau?|Năng lượng|Luyện kim|Cơ khí|Điện tử  Tin học|D</quest>
	<quest>Bộ phim nào dưới đây mà diễn viên Tăng Thanh Hà không đóng vai chính?|Bỗng dưng muốn khóc|Đẹp từng centimét|Hàn mặc tử|Mộng phù du|D</quest>
	<quest>Định luật JunLenxơ cho biết điện năng biến đổi thành?|Cơ năng|Hoá năng|Năng lượng ánh sáng|Nhiệt năng|D</quest>
	<quest>Nghề nghiệp được coi là nguy hiểm nhất?|Thợ lặn|Cảnh sát|Thợ lặn cá sấu|Nhà du hành vũ trụ|D</quest>
	<quest>Nước nào ở Đông Nam Á có tên từ một vị hoàng tử Tây Ban Nha?|Brunei|Philippines|Singapore|Malaysia|B</quest>
	<quest>Tháp Phổ Minh được xây dựng bằng chất liệu gì?|Gạch mộc|Đất sét|Đá|Gỗ|A</quest>
	<quest>Thế vận hội mùa hè năm 2012 do nước nào đăng cai?|Mỹ|Nam Phi|Anh|Pháp|C</quest>
	<quest>Thủ tướng nước nào từng được giải thưởng Nobel văn học?|Hoa Kỳ|Pháp|Anh|Nga|C</quest>
	<quest>Conan Doyle, tác giả của tiểu thuyết Sherlock Holmes nổi tiếng là người nước nào?|Hoa Kỳ|Anh|Scotland|Nga|C</quest>
	<quest>Ai là tác giả bức tượng David nổi tiếng?|Leona de Vinci|Napoleon|Michelangelo|Genza|C</quest>
	<quest>Ở Việt Nam, ai được mệnh danh là Nhà bác học của đồng ruộng?|Hồ Giáo|Lương Đình Của|Hà Văn Cao|Trần Nguyên|B</quest>
	<quest>Danh hiệu hoa hậu thế giới năm 2006 thuộc về nước nào?|Venezuela|Ba Lan|Thổ Nhĩ Kỳ|CH Czech|D</quest>
	<quest>Phần nào của cây kẹo giáng sinh là hiện thân cho máu chúa Jesus?|Ba đường sọc nhỏ|Sọc đỏ lớn|Hình thù của cây kẹo|Hương vị của cây kẹo|B</quest>
	<quest>Trong bài thơ 'Canh một' của Lê Thánh Tông có câu: 'Tấp tểnh trời vừa mọc Đầu tinh'. Bạn cho biết Đầu tinh là sao nằm ở phương nào?|Đông|Tây|Nam|Bắc|D</quest>
	<quest>CLB nào đã 29 lần đăng quang tại giải hạng nhất Tây Ban Nha?|Real Madrid|Barcelona|Valencia|Athletic Bilbao|A</quest>
	<quest>Đội tuyển bóng đá nước nào vô địch Euro năm 1976?|Đức|Italy|Pháp|Không phải 3 đội trên|D</quest>
	<quest>Thi Sách họ gì?|Đặng|Ngô|Lê|Phạn|A</quest>
	<quest>Người lao động ở đất nước nào không phải đóng thuế?|Thụy Sỹ|Vatican|Singapore|Nam Phi|B</quest>
	<quest>Chí tuyến có vĩ độ bao nhiêu?|22,4 độ|22,5 độ|13,9 độ|32 độ|B</quest>
	<quest>Có bao nhiêu vị trạng nguyên dưới thời vua Gia Long?|1|2|10|không có trạng nguyên|D</quest>
	<quest>Đàn Guitar có nguồn gốc từ nước nào?|Tây Ban Nha|Anh|Trung Quốc|Việt Nam|A</quest>
	<quest>Bài hát 'Lên Ngàn' là của tác giả nào?|Hoàng Việt|Trần Hiếu|không biết tác giả|Trần Tiến|A</quest>
	<quest>Tên Quốc gia vô địch bóng đá châu âu nămg 1992?|Anh|Pháp|Đức|Đan Mạch|D</quest>
	<quest>Loại cây vẽ trên lá cờ của Liên Hợp Quốc là cây gì?|Cọ|ÔLiu|Nhài|Hồng|B</quest>
	<quest>Đai của các đẳng trong môn võ Judo dài bao nhiêu mét?|1,5 mét|2,5 mét|3 mét|3,5 mét|B</quest>
	<quest>Ao thu lạnh lẽo nước trong veo là câu thơ  trong bài thơ nào?|Thu Điếu|Thu Vịnh|Thu Ẩm|Không phải|A</quest>
	<quest>Vịnh Hạ Long được unessco cộng nhận là di sản thiên nhiên thế giới vào năm nào?|1994|1995|1996|1997|A</quest>
	<quest>Quốc hiệu Đại Việt chính thức bắt đầu từ năm nào  nào ?|1052|1053|1054|1055|C</quest>
	<quest>Trục của Trái Đất hợp với mặt phẳng xich đạo một góc bao nhiêu độ?|66,5|67,5|68,5|54,5|A</quest>
	<quest>Bạn hãy cho biết người đầu tiên đạt giải Nobel khu vực Đông Nam á mang quốc tịch nước nào?|Việt Nam|Lào|Thái Lan|Inđônêxia|A</quest>
	<quest>Thành phố được coi là sạch nhất thế giới thuộc nước nào?|Singapore|Đức|Mỹ|Italia|A</quest>
	<quest>Đội bóng chuyền nào đã từng 8 lần vô địch thế giới?|Brazil|Mỹ|Việt Nam|Trung Quốc|A</quest>
	<quest>Cây ca cao có nguồn gốc từ châu lục nào?|Châu Á|Châu Âu|Châu Phi|Châu Mĩ|D</quest>
	<quest>Cung A Phòng, một công trình kiến trúc huyền thoại trong lịch sử Trung Quốc, được xây dựng trong thời nào?|Tần|Hán|Đường|Tống|A</quest>
	<quest>Lời thoại 'Một lần, y được thấy ông Bá Kiến sai trói một lúc 17 người và đánh một người lồi mắt', là hồi ức cảu nhân vật nào?|Chí Phèo|Lão Hạc|Giáo Thứ|Nhà Văn Hộ|C</quest>
	<quest>Câu lạc bộ bóng đá nào được bình chọn là câu lạc bộ vĩ đại nhất thế kỷ 20?|Real Madrid|Manchester|Argentina|Tây Ban Nha|A</quest>
	<quest>Con chim Kiwi là biểu tưởng của nước nào?|Hàn Quốc|Nhật Bản|Đài Loan|Newdilan|D</quest>
	<quest>Một phân tử mêtan có bao nhiêu nguyên tử Hiđro?|2|3|4|6|C</quest>
	<quest>Việt Nam chính thức trở thành thành viên của tổ chức APEC từ năm nào ?|1996|1998|2000|2002|B</quest>
	<quest>Nguyên tố nào sau đây có nhiều hợp chất nhất?|C (cacbon)|H (Hidro)|Cu (Đồng)|Al (Nhôm)|A</quest>
	<quest>Con vật nào thường xuất hiện trong các thí nghiệm sinh học về di truỳên của Moocgan ?|Ruồi Giấm|Chuột bạch|Con vật khác|Cừu|A</quest>
	<quest>Thành phần chính của Cát là gì?|Si|Au|Al|Cu|A</quest>
	<quest>Trong môn bóng rổ,khi vận động viên ném rổ ở khoảng cách 6,25m sẽ được bao nhiêu điểm?|2|3|4|5|B</quest>
	<quest>Di Hòa Viên là nơi nổi tiếng về nghệ thuật hoa viên truyền thống của Trung Quốc. Bạn cho biết lịch sử tồn tại của no (năm).|500|700|800|1.000|C</quest>
	<quest>Quê hương của bia Heineken ở đâu?|Hà Lan|Thụy Điển|Thụy Sĩ|Ba Lan|A</quest>
	<quest>Hành tinh nóng nhất hệ mặt trời?|Sao Kim|Sao Thổ|Sao Hỏa|Sao  Thủy|A</quest>
	<quest>Có bao nhiêu vị thần trên đỉnh Olympus?|9|12|15|17|B</quest>
	<quest>Chiến dịch biên giới diễn ra vào năm nào?|1950|1952|1954|1955|A</quest>
	<quest>Chiến dịch Điện Biên Phủ diễn ra vào năm nào?|1950|1953|1954|1955|C</quest>
	<quest>Chiến Dịch Hồ Chí Minh diễn ra năm nào?|1971|1972|1973|1975|D</quest>
	<quest>Thành phố nào là trung tâm của cách mạng tháng 10 Nga?|Saint Peterburg (Leningrad )|Bacu|Stalingrad|Moskva|A</quest>
	<quest>18/4/1288, triều đình nhà Trần đã tổ chức dâng tù binh nhà Nguyên để tỏ lòng biết ơn với dân tộc ở đâu?|Lăng vua Trần Thái Tông.|Thăng Long.|Bến Bình Than.|Quân doanh Vạn Kiếp.|A</quest>
	<quest>Có bao nhiêu bộ lạc hợp thành nhà nước Văn Lang?|9|10|15|17|C</quest>
	<quest>Tôn giáo có nhiều tín đồ nhất trên thế giới?|Thiên chúa giáo|Phận giáo|công giáo|Tông giáo|A</quest>
	<quest>Nguyên tử Cacbon có bao nhiêu electron?|4|6|8|9|B</quest>
	<quest>Việt Nam có bao nhiêu khu bảo tồn thiên nhiên?|5|2|61|60|C</quest>
	<quest>Những giai điệu 'Bolero, Rumba, Ballade' chủ yếu thuộc thể loại nào?|Nhạc đỏ|Nhạc xanh|Nhạc vàng|Nhạc thiếu nhi|C</quest>
	<quest>Cồng hòa liên bang Đức có bao nhiêu bang?|15|16|17|18|B</quest>
	<quest>Ca ghép thận thành công đầu tiên ở Việt Nam được thực hiện vào năm nào?|1990|1991|1992|1993|C</quest>
	<quest>Điệu múa 'Tráp trầu' là điệu múa trong đám cưới của dân tộc nào?|Chăm|Vân Kiều|Ê Đê|Khơ me Nam Bộ|D</quest>
	<quest>Bài thơ 'Dương phụ hành' do ai sáng tác?|Cao Bá Quát|Chế Lan Viên|Nguyễn Văn Tố|Trần Xuân Ẩn|A</quest>
	<quest>Lịch sử phát triển của tự nhiên Việt Nam tính từ 570 triệu năm trở lại đây chia ra làm mấy giai đoạn lớn?|2|3|4|5|B</quest>
	<quest>Nước ta có bao nhiêu con sông có chiều dài trên 10km?|2330|2350|2360|2370|C</quest>
	<quest>Thảm thực vật chủ yếu của khu núi cao Hoàng Liên Sơn?|Rừng cận nhiệt|Rừng nhiệt đới|Rừng ôn đới|Rừng hỗn giao|C</quest>
	<quest>Sông ngòi miền Tây Bắc và Bắc Trung Bộ có giá trị quan trọng nhất?|Thuỷ điện|Giao thông|Thuỷ sản|Phù sa bồi đắp|A</quest>
	<quest>Bác cùng chúng cháu hành quân là sáng tác của nhạc sĩ nào?|Hoàng Việt|An Thuyên|Phạm Minh Tuấn|Huy Thục|D</quest>
	<quest>Tiếng hát giữa rừng Pắc Pó là sáng tác của nhạc sĩ nào?|Huy Thục|Nguyễn Tài Tuệ|Phạm Tuyên|Đinh Quang Hợp|B</quest>
	<quest>Tiếng đàn Ta Lư là sáng tác của nhạc sĩ nào?|Nguyễn Đình Phúc|Huy Thục|Nguyễn Tài Tuệ|Phạm Tuyên|B</quest>
	<quest>Những bông hoa trong vườn Bác là sáng tác của nhạc sĩ nào?|Phan Huỳnh Điểu|Trần Kiết Tường|Văn Dung|Huỳnh Thơ|C</quest>
	<quest>Tiền giấy thực sự được ra đời ở đâu?|Ai Cập|Hy Lạp|Trung Quốc|Ấn Độ|C</quest>
	<quest>Năm 1924 khi rời Liên Xô sang Quảng Châu Trung Quốc, Nguyễn Ái Quốc lấy tên gì?|Tống Văn Sơ|Lý Thuỵ|Nguyễn Tất Thành|Hồ Chí Minh|B</quest>
	<quest>Cuộc khởi nghĩa nào sớm nhất, nổ ra sau khi Nhật đảo chính Pháp?|Khởi nghĩa Thái Nguyên|Khởi nghĩa Bắc Sơn|Khởi nghĩa Ba Tơ|Khởi nghĩa Nam Kỳ|C</quest>
	<quest>Hệ thống sông nào có trữ lượng phù sa lớn nhất nước ta?|Sông Hồng|Sông Hương|Sông Cửu Long|Sông Bạch Đằng|C</quest>
	<quest>Câu nói nổi tiếng: Một bước nhỏ của người là bước nhảy vọt khổng lồ của nhân loại là của ai?|John Boyd Dunlop|Neil Amstrong|John Davison Rockefeller|Henry Ford|B</quest>
	<quest>Chiến thắng nào của nước ta đã chấm dứt vĩnh viễn nạn xâm lăng của phong kiến phương Bắc với nước ta?|Bạch Đằng Giang|Chi Lăng  Xương Giang|Ngọc Hồi  Đống Đa|Điện Biên Phủ|C</quest>
	<quest>Huyện Tiền Hải trực thuộc tỉnh nào của nước ta?|Nam Định|Hải Phòng|Hải Dương|Thái Bình|D</quest>
	<quest>Huyện Kiến Xương trực thuộc tỉnh nào của nước ta?|Thái Bình|Hải Phòng|Nam Định|Hà Nam|A</quest>
	<quest>Từng vang danh một thời, nhóm nhạc Bee Gees gồm mấy thành viên?|1|2|3|4|C</quest>
	<quest>Người đầu tiên thám hiểm vòng quanh trái đất là người nước nào?|Bồ Đào Nha|Anh|Tây Ban Nha|Đức|A</quest>
	<quest>Máy vi tính vào giai đoạn đầu được dùng cho?|Quân sự|Điện toán|Kinh tế|Khoa học|A</quest>
	<quest>Đường xích đạo chạy qua bao nhiêu quốc gia?|12|13|14|15|A</quest>
	<quest>Agatha nữ sĩ người Anh chuyên viết truyện về thể loại gì?|Kiếm hiệp|Tình cảm|Trinh thám|Tự sự|C</quest>
	<quest>Bức hoạ La Joncode do ai vẽ?|Picasso|Leonardo de Vinci|Vangogh|Mozart|B</quest>
	<quest>Khi trời mưa trong nước mưa có chất gì làm cho sắt chóng gỉ sét?|Acid Oleic|Acid Oxalic|Acid Glutamic|Acid Nitric|D</quest>
	<quest>Con ếch được ngành vật lý nào sau đây sử dụng làm vật thí nghiệm đầu tiên?|Âm học|Điện học|Quang học|Nhiệt học|B</quest>
	<quest>Khi tan vỡ, Liên bang Xô Viết có bao nhiêu nước thành viên?|8 nước thành viên|10 nước thành viên|15 nước thành viên|16 nước thành viên|C</quest>
	<quest>Bài thơ 'Người đi tìm hình của nước' của tác giả nào?|Tế Hanh|Chế Lan Viên|Nguyễn Khuyến|Dương Đức Trí|B</quest>
	<quest>Nhà hát kịch nổi tiếng thế giới cả ba mặt đều hướng ra biển thuộc đất nước nào?|Anh|Úc|Mỹ|Thụy Điển|B</quest>
	<quest>Danh họa nổi tiếng 'Van Gogh' là người nước nào?|Nga|Canada|Bỉ|Hà Lan|D</quest>
	<quest>Nguyễn Trãi viết Bình Ngô ậi Cáo vào năm nào?|1427|1834|1440|1228|A</quest>
	<quest>Bệnh AIDS được phát hiện đầu tiên vào năm nào?|1981|1982|1983|1984|A</quest>
	<quest>Việt Nam gia nhập hội đồng tương trợ kinh tế các nước XHCN (SEV) vào năm nào?|1986|1987|1978|1968|C</quest>
	<quest>Cuộc cách mạng công ngiệp ở nước Anh băt nguồn từ ngành công nghiệp nào?|Dệt|Thực phẩm|Chế tạo|Đóng tàu|A</quest>
	<quest>NATO tấn công Nam Tư vào năm nào?|1997|1998|1999|1996|C</quest>
	<quest>Nghệ thuật điêu khắc Điềm Phùng Thị liên quan đến con số nào sau đây?|3|5|7|9|C</quest>
	<quest>Hãy cho biết tên của người lãnh đạo cuộc khởi nghĩa Ba Đình (1886 - 1887)?|Thoại Ngọc Hầu- Nguyễn Văn Thoại|Đinh Công Tráng- Phạm Bành|Thiên Hộ Dương- Võ Duy Dương|Đốc Binh Kiều- Nguyễn Tấn Kiều|B</quest>
	<quest>Gia phả xuất hiện đầu tiên ở nước ta từ triều đại nào?|Trần|Lý|Mạc|Hồ|B</quest>
	<quest>Đảo nào của Indonesia ko có đường Xích Đạo chạy qua?|Kalimantan|Java|Sulawesi|Sumatra|B</quest>
	<quest>Điểm cực bắc của các nước Đông Nam Á thuộc nước nào?|Lào|Myanmar|Philippin|Việt Nam|B</quest>
	<quest>Tên con sông dài nhất trên thế giới?|Amazone|Nil|Volga|Mekong|B</quest>
	<quest>Quốc tế thứ II còn có tên gọi khác là gì?|Quốc tế Cộng Sản|Quốc tế XHCN|Đồng Minh những người Cộng Sản|Hội Liên Hiệp Quốc tế những người Lao động|B</quest>
	<quest>Tổng đốc Hoàng Diệu, người đã hy sinh năm 1882 để bảo vệ thành Hà Nội, quê gốc của ông ở đâu?|Quảng Nam|Thừa Thiên Huế|Hà Nội|Hải Phòng|A</quest>
	<quest>Lý Thánh Tông, đặt Quốc hiệu nước ta là Đại Việt vào năm nào?|1054|1055|1056|1057|A</quest>
	<quest>Trong 3 bài thơ dưới đây, bài thơ nào của Trần Quang Khải?|Tụng giá hoàn kinh sư|Xuân nhật yết Chiêu Lăng|Thuật hoài|Không có bài thơ nào|A</quest>
	<quest>Hồ Quý Ly lên ngôi vua năm nào?|1400|1403|1405|1407|A</quest>
	<quest>Tính đến nay, ai đã được bầu làm tổng thống Mỹ tới 4 nhiệm kỳ?|Washington|Arbraham Lincoin|Roosevelt|Bill Clinton|C</quest>
	<quest>Chùa Một Cột được xây dựng vào năm nào?|1045|1047|1048|1049|D</quest>
	<quest>Cột cờ Hà Nội được xây dựng vào năm nào?|1812|1813|1814|1815|A</quest>
	<quest>Ngày thành lập đoàn?|26/3/1930|26/3/1931|26/3/1932|26/3/1933|B</quest>
	<quest>Cảng lớn nhất thế giới?|Mỹ|Hà Lan|Trung Quốc|Đức|B</quest>
	<quest>Bill Gates từng học trường Đại học nào?|Chicago|Havard|Oxford|Cambridge|B</quest>
	<quest>Cách mạng tháng tám diễn ra vào ngày, tháng, năm nào?|17-5-1945|19-5-1945|19-8-1945|17-8-1945|C</quest>
	<quest>Chiến dịch Điện Biên Phủ diễn ra làm mấy đợt?|1|2|3|4|C</quest>
	<quest>Chiến dịch Đường Chín Nam Lào diễn ra vào năm nào?|1970|1971|1972|1973|B</quest>
	<quest>Chiến dịch Điện Biên Phủ trên không diễn ra vào năm nào?|1970|1971|1972|1973|C</quest>
	<quest>Nước chủ nhà World Cup 2006 đã đạt được thành tích gì tại giải này?|Huy chương vàng|Huy chương đồng|Huy chương bạc|Chỉ lọt vào tứ kết|B</quest>
	<quest>Olympic 2012 sẽ được tổ chức tạinước nào nào?|Hy Lạp|Anh|Braxin|Đức|B</quest>
	<quest>Đảng Cộng Sản Đông Dương đổi tên thành Đảng Cộng Sản Việt Nam vào thời gian nào?|1930|1941|1946|1954|A</quest>
	<quest>Tháp Eiffel được hoàn tất vào năm nào?|1905|1889|1883|1833|B</quest>
	<quest>Bạn cho biết tháp Rùa được xây dựng ở thế kỷ nào?|15|16|18|17|C</quest>
	<quest>Truyện Kiều của Nguễn Du tổng cộng gồm bao nhiêu câu thơ?|3001|3203|3254|3541|C</quest>
	<quest>Ngôn ngữ chính của CuBa là gì?|Tây Ban Nha|Anh|Pháp|Latinh|A</quest>
	<quest>Thành phố nào của Italia được Shakespeares chọn làm bối cảnh diễn ra câu chuyện 'Romeo và Juliet'?|Verona|Milan|Parma|Turin|A</quest>
	<quest>Ca sĩ nào chuyên chơi dòng nhạc Country?|Britney Spears|Faith Hill|Tina Turner|Pink|B</quest>
	<quest>Bittôven viết được bao nhiêu bản nhạc giao hưởng?|5|6|9|13|C</quest>
	<quest>Nhạc sĩ nào có tác phẩm được dịch ra tiếng nước ngoài nhiều nhất?|Trần Tiến|Trần Hiếu|Trịnh Công Sơn|Duy Mạnh|C</quest>
	<quest>Vua Quang Trung hồi bé có tên là gì?|Hồ Thơm|Hồ Trung|Quang Trung|Thịnh Anh|A</quest>
	<quest>Người Pháp gọi con sông gì ở miền Bắc là con sông Đen?|Sông Cửu Long|Sông Đà|Sông Hồng|Sông Thương|B</quest>
	<quest>Quốc gia có nhiều người Hồi giáo nhất trên Thế Giới?|Trung Quốc|Indonexia|Ấn Độ|Philipin|B</quest>
	<quest>Noel ở Úc là vào khoảng mùa nào trong năm?|Xuân|Hạ|Thu|Đông|B</quest>
	<quest>Hãy cho biết tên của người lãnh đạo cuộc Khởi nghĩa Hương Khê(1885 - 1896)?|Nguyễn Văn Thoại|Trần Văn Thành|Võ Duy Dương|Phan Đình Phùng|D</quest>
	<quest>Campuchia tuyên bố độc lập vào năm nào?|1949|1953|1952|1954|B</quest>
	<quest>Phong trào 'văn hóa phục hưng' xuất hiện đầu tiên ở nước nào?|Anh|Pháp|Ý|Đức|C</quest>
	<quest>9 ngọn núi của nền âm nhạc thế giới là 9 bản giao hưởng của ai?|Mozatr|Beethoven|Tchaicovsky|Vivaldi|B</quest>
	<quest>Bộ phim đầu tiên mà lời thoại trong phim có thể nghe được là bộ phim nào? Phim này sản xuất năm 1927.|Ca sĩ nhạc Jazz|Steam Boat|Mickey Mouse|Bạch Tuyết và 7 chú lùn|A</quest>
	<quest>Hội Tao Đàn do Lê Thánh Tông thành lập có bao nhiêu người?|28|29|30|31|A</quest>
	<quest>Nhạc Jazz bắt nguồn từ nước nào?|Áo|Đức|Thụy Sĩ|Thổ Nhĩ Kì|B</quest>
	<quest>Bánh Pizza có xuất xứ từ thành phố nào của Italia?|Napoli|Milan|Pisa|Rome|A</quest>
	<quest>Thành phố nào sau đây không thuộc 'vành đai mặt trời' của Mĩ?|Miami|San Francisco|Los Angeles|Chicago|D</quest>
	<quest>Ve sầu đực âm thanh phát ra từ đâu?|Mồm|Cánh|Thắt lưng|Không có âm thanh|C</quest>
	<quest>Ion Fe2+ có màu gì?|Vàng|Trắng Xanh|Đỏ|Nâu|B</quest>
	<quest>Thế vận hội olympic năm 2000 được tổ chức tại đâu?|Bắc Kinh|Xít-Ni|Hy Lạp|Bỉ|B</quest>
	<quest>Chim kivi là loài chim đặc thù của nước nào?|Australia|Hàn Quốc|Triều Tiên|Nhật Bản|A</quest>
	<quest>Bộ luật Gia Long thuộc triều đại nào?|Nguyễn|Trần|Lý|Lê|A</quest>
	<quest>Người cầm chầu trong hát ca trù gọi là gì?|Quan viên|Nhạc công|Quản ca|Nhạc trưởng|A</quest>
	<quest>Chiêng khác với cồng ở đặc điểm gì?|Hình tròn|Bằng đồng|Đánh bằng dùi|Có núm|D</quest>
	<quest>Lá cờ của Olympic có bao nhiêu vòng tròn?|4|5|6|7|B</quest>
	<quest>Môn bóng đá trong nhà mỗi đội có bao nhiêu cầu thủ?|6|7|8|9|B</quest>
	<quest>Pháo hoa có xuất xứ từ nước nào?|Đức|Trung Quốc|Anh|Pháp|B</quest>
	<quest>Hòn đảo nào trong vịnh Bắc bộ nằm xa đất liền nhất?|Cát Bà|Bạch Long Vĩ|Cô Tô|Cái Bầu|B</quest>
	<quest>Nữ ca sĩ tham gia trong thành phần Ban giám khảo của 'Sao Mai điểm hẹn' năm 2006 là ai?|Mỹ Tâm|Mỹ Linh|Siu  Black|Khánh Linh|B</quest>
	<quest>Quốc hội khoá mấy quyết định tên nước ta là nuớc Cộng hoà xã hội chủ nghĩa Việt Nam?|I|III|V|VI|D</quest>
	<quest>Trong các loài sau ,loài nào khác với các loài còn lại nhất|Kiwi|Emu|Đà  Điểu|Gà|D</quest>
	<quest>Cây cầu Đà Rằng nổi tiếng thuộc địa phận tỉnh nào ở nước ta?|Nam Định|Phú Yên|Bình Định|Hải Phòng|B</quest>
	<quest>Chi phí của Mỹ đổ vào chiến tranh Việt Nam , kể cả chi phí gián tiếp là khoảng bao nhiêu tỷ USD?|0,9|9|90|900|D</quest>
	<quest>UNICEF là tên viết tắt của tổ chức quốc tế nào?|Quỹ Nhi Đồng LHQ|Cơ quan Năng Lượng Quốc tế|Tổ chức Lương Thực và Nông nghiệp LHQ|Quỹ Phát Triển Tài Năng LHQ|A</quest>
	<quest>Tờ báo Thanh Niên được xuất bản vào năm nào?|1922|1923|1924|1925|D</quest>
	<quest>Hành tinh nào tự quay nhanh đến mức một ngày ở đó chỉ khoảng 10 giờ đồng hồ?|Mộc tinh và Kim tinh|Thổ tinh và Kim tinh|Thổ tinh và Mộc tinh|Kim tinh và Hỏa tinh|C</quest>
	<quest>Christopher Columbus được sinh ra ở đâu?|Anh|Italia|Pháp|Đức|B</quest>
	<quest>Noel đầu tiên được tổ chức vào năm nào?|100 năm sau công nguyên|Thế kỷ thứ 4|Sau khi Jesus qua đời|Thế kỷ 18|B</quest>
	<quest>Đất nước nào là quê hương của ông già tuyết?|Anh|Phần Lan|Đan Mạch|Mỹ|B</quest>
	<quest>Ai đã khắc chữ 'Nam thiên đệ nhất động' lên cửa động Hương Tích?|Chúa Trịnh Sâm|Chu Mạnh Trinh|Vua Bảo Đại|Nam Phương Hoàng Hậu|A</quest>
	<quest>Sự tích trầu cau theo truyền thuyết đã xảy ra vào thời vua Hùng thứ bao nhiêu?|10|12|14|16|B</quest>
	<quest>Ông tổ của 'Đờn ca tài tử'?|Nguyễn Văn Chánh|Cao Văn Lầu|Nguyễn Thượng Hiền|Cao Bá Long|B</quest>
	<quest>Chùa nào được Lý Nam Đế cho xây dựng sau khi lên ngôi hoàng đế năm 544?|Chùa 1 cột|Chùa Hương|Chùa Phật Tích|Chùa Chấn Quốc|D</quest>
	<quest>Năm phát minh ra Penecilin?|1928|1929|1930|1931|A</quest>
	<quest>Braxin đã từng là thuộc địa của nước nào?|Anh|Pháp|Bồ Đào Nha|Mỹ|C</quest>
	<quest>Trong môn đánh Golf, thuật ngữ tee box có nghĩa là?|Chướng ngại vật|Người chơi dẫn đầu|Điểm xuất phát|Hộp uống trà|C</quest>
	<quest>Báo thanh niên được xuất bản năm nào?|1924|1925|1954|1945|B</quest>
	<quest>Tên khoa học của loại bệnh nào được đặt theo tên bác sĩ phát hiện ra nó?|Ung thư phổi|Suy giảm trí nhớ|Viêm gan|Cận thị|B</quest>
	<quest>Cơ quan khứu giác của cá voi nằm ở đâu?|Mũ|Miệng|Vây|Không có|D</quest>
	<quest>Tượng Nữ thần Tự do được khánh thành vào thời gian nào?|1768|1786|1868|1886|D</quest>
	<quest>Bộ phim 'Titanic' đã giành được bao nhiêu giải Oscar?|11|13|15|17|A</quest>
	<quest>Thần đồng nhỉ Kieron Williamson là người nước nào?|Anh|Mỹ|Canada|Thụy Điển|A</quest>
	<quest>Quốc gia nào ở Châu Phi có tỉ lệ người da trắng xấp xỉ tỉ lệ người da đen?|Ai Cập|Ma Rốc|Nam Phi|Madagascar|C</quest>
	<quest>Trước Washington,thành phố nào đã từng là thủ đô của Mỹ?|Philadelphia|Los Angeles|New York|Boston|A</quest>
	<quest>Tên thành phố (siêu đô thị) đông dân nhất thế giới là?|Tokyo|Mexico|Sao Paulo|New York|A</quest>
	<quest>Trong Hội Tao đàn do vua Lê Thánh Tông thành lập, vào năm 1495 gồm bao nhiêu nhà thơ?|26|27|28|29|C</quest>
	<quest>Bộ phim nào đoạt giải Oscar lần thứ 78?|Titanic|Brokeback Mountain|Crask|Munich|C</quest>
	<quest>Nhóm nhạc nào mà các thành viên không phải là anh chị em ruột?|Hanson|Human Nature|Tho Moffats|The Corrs|B</quest>
	<quest>Quốc ngữ của Singapore?|Malaysia|Tamil|Singlish|Trung|A</quest>
	<quest>Việt Minh được thành lập vào ngày nào, năm nào?|19-5-1941|19-5-1940|19-5-1942|19-5-1930|A</quest>
	<quest>Phong trào đồng khởi Bến Tre diễn ra vào năm nào?|1960|1961|1962|1963|A</quest>
	<quest>Sư tử được chọn làm biểu tượng của đội bóng đá nước nào?|Anh|Đức|Pháp|Bồ Đào Nha|A</quest>
	<quest>Nữ ca sỹ người nước nào đã giành giải quán quân cuộc thi Eurovision 2013?|Đan Mạch|Đức|Pháp|Bồ Đào Nha|A</quest>
	<quest>Nhà thơ Quang Dũng đã ví đôi mắt người con gái vùng nào với vẻ 'Dìu dịu buồn Tây Phương'?|Hà Nội|Sơn Tây|Huế|Tuyên Quang|B</quest>
	<quest>Tố Như là tên chữ của danh nhân văn hóa nào?|Nguyễn Đình Chiểu|Nguyễn Trãi|Nguyễn Công Trứ|Nguyễn Du|D</quest>
	<quest>Quê hương của môn Taekwondo?|Triều Tiên|Thái Lan|Trung Quốc|Hà Lan|A</quest>
	<quest>SEA Games lần đầu tiên tổ chức tại Việt Nam có bao nhiêu nước tham gia?|11|12|13|14|A</quest>
	<quest>Trong bài thơ 'Sông lấp', Tú Xương đã nhầm tiếng ếch kêu với tiếng gì?|Tiếng gọi đò|Tiếng trẻ con|Tiếng mõ|Tiếng sóng|A</quest>
	<quest>Bột ngọt (mì chính) là phát minh của nước nào?|Trung Quốc|Nhật Bản|Hàn Quốc|Việt Nam|B</quest>
	<quest>Sản lượng điện bình quân theo đầu người (tính đến 2010) cao nhất thế giới thuộc về?|Nhật Bản|Nga|Hoa Kỳ|Trung Quốc|C</quest>
	<quest>Sản xuất axit vô cơ, phân bón, thuốc trừ sâu, thuốc nhuộm thuộc vào?|Hoá chất cơ bản|Hoá tổng hợp hữu cơ|Hoá dầu|Hoá học vô cơ|A</quest>
	<quest>Trên trái đất, nơi không có sự chênh lệch giữa ngày và đêm là?|2 cực|Xích đạo|Chí tuyến Bắc|Vòng cực|B</quest>
	<quest>Trên trái đất, nơi mỗi năm chỉ có 1 ngày dài 24h là?|Xích đạo|Vòng cực|Cực|Chí tuyến|B</quest>
	<quest>Ở vòng cực Bắc, ngày duy nhất dài 24h là?|21/03|22/06|23/09|22/12|B</quest>
	<quest>Tên gọi của thác Đambri nổi tiếng ở Tây Nguyên có nghĩa là gì?|Mặt trời trắng|Đợi chờ|Nguồn nước|Vô tận|B</quest>
	<quest>Thành phố nào sau đây luôn luôn vào giữa trưa thấy mặt trời ở phía Nam?|Hà Nội|Băng Cốc|Trung Quốc|Sydney|C</quest>
	<quest>Trong cơ thể cá mập, sẽ không tìm thấy vật gì?|Xương|Mang cá|Gân|Răng|A</quest>
	<quest>Báo Người cùng khổ ra đời năm nào?|1920|1921|1922|1923|C</quest>
	<quest>Ông già Bến Ngự là ai?|Bác Hồ|Phan Đình Phùng|Phan Chu Trinh|Phan Bội Châu|D</quest>
	<quest>Người ta cần bao nhiêu cánh hoa hồng để tạo ra khoảng nửa kilogram tinh dầu hoa hồng?|1 Kg|10 Kg|100 Kg|1000 Kg|D</quest>
	<quest>Lương Thế Vinh thường được nhân gian gọi là trạng gì?|Trạng Quỳnh|Trạng Trình|Trạng Lường|Trạng Lợn|C</quest>
	<quest>Rabindranath Tagore là người nhận giải Nobel toán học, ông là người nước nào?|Trung Quốc|Ấn Độ|Ai Cập|Hy Lạp|B</quest>
	<quest>Rabindranath Tagore đã nhận giải Nobel ở lĩnh vực nào?|Toán học|Hoá học|Văn học|Y học|C</quest>
	<quest>Giao hưởng thơ Nữ anh hùng miền Nam là sáng tác của nhạc sĩ nào?|Hoàng Việt|Nguyễn  Đình Tân|Nguyễn Thị Nhung|Nguyễn Xinh|C</quest>
</data>