﻿<?xml version="1.0" encoding="utf-8"?>
<data>
	<quest>Hồ Xuân Hương được tôn vinh là gì?|Bà chúa thơ Hán|Bà chúa thơ Nhật|Bà chúa thơ Việt|Bà chúa thơ Nôm|D</quest>
	<quest>Trong Microsoft Word, để định dạng chữ đậm ta sử dụng tổ hợp phím tắt nào?|Ctrl + U|Ctrl + I|Ctrl + B|Ctrl + D|C</quest>
	<quest>Loại tàu vũ trụ gì có thể hạ cánh xuống mặt đất như một chiếc máy bay và có thể sử dụng lại nhiều lần?|Tàu con trâu|Tàu con trai|Tàu con thoi|Tàu con mèo|C</quest>
	<quest>Người ta thường so sánh \"Quê hương là chùm ... ngọt\"?|Nho|Khế|Quả|Hoa|B</quest>
	<quest>Loại xe nào sau đây có thể dùng để chở nhiều hàng hoá?|Xe đạp|Xe lu|Xe tăng|Xe tải|D</quest>
	<quest>Trong những nước sau, nước nào người dân thường không sử dụng đũa trong các bữa ăn?|Trung Quốc|Hàn Quốc|Hoa Kỳ|Nhật Bản|C</quest>
	<quest>Vua An Dương Vương đã dùng bộ phận nào của Rùa Vàng làm lẫy nỏ thần?|Mai|Mắt|Vuốt|Miệng|C</quest>
		<quest>Cha ruột của cha chúng ta gọi là gì?|Ông ngoại|Ông cố|Ông sơ|Ông nội|D</quest>
	<quest>Có bao nhiêu số tự nhiên lẻ có 1 chữ số?|3|4|5|6|C</quest>
	<quest>Từ nào không chỉ màu sắc?|Đen sì|Đen tuyền|Đen nhánh|Đen đủi|D</quest>
	<quest>Thạch Sanh làm nghề gì?|Đốn củi|Mãi võ|Thợ săn|Ca sĩ|A</quest>
	<quest>Tóc người Việt Nam đa số có màu gì?|Màu vàng|Màu đen|Màu nâu|Màu đỏ|B</quest>
	<quest>Người ta thường nói nói ngang như?|Ghẹ|Cua|Ngỗng|Heo|B</quest>
	<quest>Bản đồ đất nước Việt Nam có hình chữ gì?|N|V|S|U|C</quest>
	<quest>Có câu Mật ngọt chết...?|Gấu|Ong|Ruồi|Người|C</quest>
	<quest>Có câu lửa thử vàng, gian nan thử...?|Sức|Bạc|Đỏ|Súng|A</quest>
	<quest>Từ Hello trong tiếng anh có nghĩa là gì?|Tạm biệt|Xin chào|Cảm ơn|Thân ái|B</quest>
	<quest>Loài động vật nào có nét giống loài mèo?|Hà mã|Lợn|Nhím|Hổ|D</quest>
	<quest>Ngôn ngữ chính thức của người Việt Nam?|Tiếng Anh|Tiếng Hoa|Tiếng Pháp|Tiếng Việt|D</quest>
	<quest>Loài hoa nào là biểu tượng của tình yêu?|Hoa hướng dương|Hoa tulip|Hoa Phăng|Hoa hồng|D</quest>
	<quest>Thế giới có bao nhiêu châu lục có người sinh sống?|3|4|5|6|C</quest>
	<quest>Việt Nam giáp với Campuchia, Trung Quốc và quốc gia nào?|Thái Lan|Malaysia|Lào|Philippines|C</quest>
	<quest>Điền vào chỗ trống: Ăn bữa giỗ, ... bữa cày?|Lãi|Lỗ|Bỏ|Xin|B</quest>
	<quest>Đâu không phải một loại hoa?|Hoa hồng|Hoa tai|Hoa quỳnh|Hoa đại|B</quest>
	<quest>Người ta thường nói: Giấu đầu hở...|Tay|Đuôi|Tai|Chân|B</quest>
	<quest>Có câu: Cờ bí dí...|Xe|Tốt|Pháo|Tướng|B</quest>
	<quest>Có câu: Chị ngã em...|Kéo|Nâng|Chạy|Buồn|B</quest>
	<quest>Người ta thường nói: Thừa nước đục thả...|Cá|Câu|Vàng|Bom|B</quest>
	<quest>Từ 'lim dim' dùng để chỉ bộ phận nào trên cơ thể|Tai|Mắt|Mũi|Họng|B</quest>
	<quest>Điền vào chỗ trống: Dâu là..., rể là khách?|Khách|Con|Chị|Rượu|B</quest>
	<quest>Trong các con vật sau đây, con nào chạy nhanh nhất?|Rùa|Chó|Nai|Thỏ|D</quest>
	<quest>Trong các con vật sau đây, con nào có vảy?|Hổ|Ếch|Ốc sên|Tê tê|D</quest>
	<quest>Trong các con vật sau đây, con nào được người ta kéo cày?|Ngựa|Lừa|Chó|Trâu|D</quest>
	<quest>Trong các con vật sau đây, con nào dữ tợn nhất?|Lừa|Ngựa|Lạc đà|Báo|D</quest>
	<quest>Trong các con vật sau đây, con nào có nanh vuốt?|Lừa|Ngựa|Hươu|Hổ|D</quest>
	<quest>Trong các con vật sau đây, con nào được gọi là chúa sơn lâm?|Hổ|Báo|Chó sói|Voi|A</quest>
	<quest>Trong các con vật sau đây, con nào có ngà?|Trâu|Dê rừng|Voi|Tê Giác|C</quest>
	<quest>Trong các con vật sau đây, con nào không di chuyển bằng chân?|Chó|Voi|Rùa|Rắn|D</quest>
	<quest>Trong các con vật sau đây, con nào biết xây tổ?|Bướm|Châu chấu|Bọ hung|Ong|D</quest>
	<quest>3 điều tốt lành của người Trung Quốc theo thứ tự nào sau đây là đúng?|Phúc, Thọ, Lộc|Thọ, Phúc, Lộc|Phúc, Lộc, Thọ|Lộc, Phúc, Thọ|C</quest>
	<quest>Trong các con vật sau đây, con nào biết giăng tơ?|Bướm|Ong|Nhền nhện|Châu chấu|C</quest>
	<quest>Trong các con vật sau đây, con nào thường được nuôi ở trong nhà?|Mèo|Ngựa|Nai|Dê|A</quest>
	<quest>Trong các con vật sau đây, con nào được xem là cậu ông trời?|Nhái|Ếch|Ễnh ương|Cóc|D</quest>
	<quest>Trong các con vật sau đây, con nào to nhất?|Hổ|Voi|Cá mập|Cá voi xanh|D</quest>
	<quest>Trong các con vật sau đây, con nào ăn thịt?|Thỏ|Trâu|Cá sấu|Hươu|C</quest>
	<quest>Trong các con vật sau đây, con nào to nhất?|Hổ|Voi|Cá mập|Cá voi xanh|D</quest>
	<quest>Con vật nào sau đây biết bay?|Gà|Vịt|Chim sẻ|Ngỗng|C</quest>
	<quest>Vật dụng nào dưới đây không phải của thạch sanh?|Cây cung|Cây đàn|Cây sáo|Niêu cơm|C</quest>
	<quest>Môn thể thao nào sau đây không sử dụng lưới khi thi đấu?|Bóng đá|BÓng nước|BÓng chày|Bóng bàn|C</quest>
	<quest>Trong các con vật sau đây, con nào thường được nuôi để lấy thịt?|Chó|Mèo|Lợn|Ngựa|C</quest>
	<quest>Trong các loài chim sau đây, loài chim nào có khả năng đưa thư?|Chim đại bàng|Chim bồ câu|Chim sơn ca|Chim ưng|B</quest>
	<quest>Trong các con vật sau đây, con nào khôn ngoan và thông minh nhất?|Mèo|Sư tử|Khỉ|Cá voi|C</quest>
	<quest>Trong các con vật sau đây, con nào nuốt chửng con mồi mà không cần nhai?|Hổ|Báo|Rắn|Chó sói|C</quest>
	<quest>Đâu là tên một lọai bóng|Giường|Tủ|Bàn|Ghế|C</quest>
	<quest>Từ nào sau đây viết đúng chính tả?|Giầy la|Dầy la|Rầy la|Rầy na|C</quest>
	<quest>Ngày Nhà giáo Việt Nam là ngày nào?|20/09|20/10|20/11|20/12|C</quest>	
	<quest>Yêu tổ quốc, yêu đồng bào là điều dạy thứ mấy trong 5 điều Bác Hồ dạy?|Điều 1|Điều 2|Điều 3|Điều 5|A</quest>
	<quest>Đoàn kết tốt, kỷ luật tốt là điều dạy thứ mấy trong 5 điều Bác Hồ dạy?|Điều 2|Điều 3|Điều 4|Điều 5|B</quest>
	<quest>Khiêm tốn, thật thà, dũng cảm là điều dạy thứ mấy trong 5 điều Bác Hồ dạy?|Điều 2|Điều 3|Điều 4|Điều 5|D</quest>
	<quest>1kg sắt, 1kg vàng, 1kg bông gòn, cái nào nặng nhất?|Sắt|Vàng|Bông gòn|Bằng nhau|D</quest>
	<quest>Một cây làm chẳng nên non,  …. cây chụm lại nên hòn núi cao?|Hai|Ba|Bốn|Năm|B</quest>
	<quest>Một con ngựa đau, cả …. không ăn cỏ?|Đàn|Bầy|Tàu|Dòng|C</quest>
	<quest>Trăng khoe trăng tỏ hơn …. , cớ sao trăng phảo chịu luồng đám mây?|Mây|Đèn|Sao|Mờ|B</quest>
	<quest>Người ta thường nói: Ông ăn chả, bà ăn ….?|Chay|Nem|Khoai|Cá|B</quest>
	<quest>Con gì có cánh, mà không biết bay, ngày xuống ao chơi, đêm về đẻ trứng?|Con gà|Con chim|Con vịt|Con bồ câu|C</quest>
	<quest>Tết gì trẻ em đốt đèn đi chơi khắp phố phường, xóm làng?|Tết nguyên đán|Tết nguyên tiêu|Tết trung thu|Tết hàn thực|C</quest>
	<quest>Trời mưa bong bóng phập phồng, mẹ đi lấy chồng con ở vơi?|Cha|Ba|Bố|Ai|D</quest>
	<quest>Cứu vật thì vật trả ơn, cứu nhân thì nhân trả ?|Đũa|Công|Tiền|Oán|D</quest>
	<quest>Công cha như núi ngất trời, nghĩa mẹ như nước ngời ngời?|Đại bàng|Biển đông|Suối sông|Biển cả|B</quest>
	<quest>Dù gái hay trai, chỉ  là đủ?|Một|Hai|Ba|Bốn|B</quest>
	<quest>Chủ tịch Hồ Chí Minh mất vào ngày tháng năm nào?|19.05.1890|15.09.1980|09.02.1969|02.09.1969|D</quest>
	<quest>Chủ tịch Hồ Chí Minh sinh vào ngày tháng năm nào?|19.05.1880|19.05.1890|09.05.1890|05.09.1890|B</quest>
	<quest>Trong một trận bóng đá, mỗi đội có bao nhiêu cầu thủ chính thức trên sân?|11|10|22|20|A</quest>
	<quest>Thuyền về có nhớ bến chăng. Bến thì một dạ khăng khăng ... thuyền?|Chờ|Đợi|Mong|Trông|B</quest>
	<quest>Còn cha còn mẹ thì hơn. Không cha không mẹ như ... đứt dây?|Thuyền|Buồm|Đàn|Võng|C</quest>
	<quest>Thành ngữ có câu: chết vinh còn  sống nhục. Từ trong dấu ... là gì?|Thua|Hay|Hơn|Bằng|C</quest>
	<quest>Thành ngữ thường nói: Con hơn ... nhà có phúc. Từ trong dấu ... là gì?|Ba|Cha|Mẹ|Má|B</quest>
	<quest>Thành ngữ thường dạy: Ăn chắc mặc ... Từ trong dấu ... là gì?|Đẹp|Sang|Bẩn|Bền|D</quest>
	<quest>Trong các thứ tự sau đây, thứ tự nào đúng với một câu thành ngữ?|Khẩu phật tâm xà|Khẩu xà phật tâm|Tâm xà phật khẩu|Tâm phật khẩu xà|A</quest>
	<quest>Trong các thứ tự sau đây, thứ tự nào đúng với một câu thành ngữ?|Nem công chả phượng|Phượng chả nem công|Chả phượng nem công|Chả phượng công nem|A</quest>
	<quest>Trong các thứ tự sau đây, thứ tự nào đúng với một câu thành ngữ?|Cử lưỡng tiện nhất|Nhất cử lưỡng tiện|Tiện cử nhất lưỡng|Tiện cử lượng nhất|B</quest>
	<quest>Trong các thứ tự sau đây, thứ tự nào đúng với một câu thành ngữ?|Uống nguồn nhớ nước|Nhớ nguồn uống nước|Uống nước nhớ nguồn|Nước uống nhớ nguồn|C</quest>
	<quest>Hãy chọn thứ tự đúng của một câu thành ngữ?|Hỏng xôi bỏng không|Xôi bỏng hỏng không|Xôi không bỏng hỏng|Xôi hỏng bỏng không|D</quest>
	<quest>Trong các thứ tự sau đây, thứ tự nào đúng với một câu thành ngữ?|Đầu lộ diện xuất|Xuất diện lộ đầu|Xuất đầu lộ diện|Diện lộ đầu xuất|C</quest>
	<quest>Thứ tự nào sau đây đúng với một câu thành ngữ?|Tre mọc măng già|Tre già măng mọc|Măng mọc tre già|Măng già tre học|B</quest>
	<quest>Câu nào sau đây chỉ người ở trạng thái mê man không biết gì?|Bất tỉnh nhân sự|Bất khả xâm phạm|Bất đắc kỳ tử|Bất di bất dịch|A</quest>
	<quest>9 tháng 10 ngày chỉ điều gì?|Những ngày trăng mật|Hết học kỳ một|Thời gian thử việc|Thời gian mang thai|D</quest>
	<quest>Thứ tự nào đúng nhất trong các thứ tự sau?|Ăn hay học vóc|Ăn vóc học hay|Học hay ăn vóc|Học vóc ăn hay|B</quest>
	<quest>Trong các thứ tự sau đây, thứ tự nào đúng với một câu thành ngữ?|Rau nấy sâu nào|Nấy sâu nào rau|Sâu nào rau nấy|Rau nào sâu nấy|D</quest>
	<quest>Hoàn thành vào dấu  để câu sau có nghĩa: Anh em khinh trước làng nước khinh ...?|Trước|Sau|Theo|Khi|B</quest>
	<quest>Gà mắc bệnh dịch, lông xù, ủ rũ rồi chết được gọi là gì?,|Rũ|Rủ|Rù|Ru|C</quest>
	<quest>Việt Nam thuộc Châu Lục nào?,|Châu Mỹ|Châu Á|Châu Phi|Châu Âu|B</quest>
	<quest>Đâu là tên một loại nấm?|Linh đan|Linh miêu|Linh cẩu|Linh chi|D</quest>
	<quest>Quả gì sau đây khiến bạn nghĩ đến một đám cưới?|Quả cau|Quả chanh|Quả mít|Quả sấu|A</quest>
	<quest>Cầu vồng có mấy màu?|1|3|5|7|D</quest>
	<quest>Loại xe nào sau đây có 3 bánh|Xe buýt|Xe đạp|Xe lam|Xe tải|C</quest>
	<quest>Di tích của sinh vật sống trong các thời đại trước để lại trong các lớp đất đá được gọi là gì?|Sinh vật cổ|Sinh vật nguyên thủy|Hóa thạch|Cổ sinh vật học|C</quest>
	<quest>Cầu vồng có mấy màu!|2|5|7|9|C</quest>
	<quest>Phương pháp chuẩn đoán bệnh nào sau đây không thuộc 'tứ chuẩn' của y học cổ truyền?|Nghe tim phổi|Bắt mạch|Hỏi bệnh nhân|Xét nghiệm máu|D</quest>
	<quest>Điền vào chỗ trống: Ăn một bát cháo, chạy ba quãng ...?|Ruộng|Đường|Cầu|Đồng|D</quest>
	<quest>Điền vào chỗ trống: Ai về có nhớ ta chăng, ta về ta nhớ ... mình cười?|Hàm răng|Làn môi|Ánh mắt|Bờ mi|A</quest>
	<quest>Loại tàu này khác với các loại tàu còn lại?|Tàu hoả|Tàu lặn|Tàu ngầm|Tàu chiến|A</quest>
	<quest>Nhân vật nào xuất hiện đầu tiên trong truyện 7 viên ngọc rồng nổi tiếng?|Bumma|Sôngôku|Krilin|Urôn|B</quest>
	<quest>Nhân vật Đôrêmon là một con mèo thông minh, đó là?|1 người gỗ |1 người máy|1 người bình thường|1 con mèo bình thường|B</quest>
	<quest>Ai là con gái rượu của nhà vô địch thế giới Santa tóc xù trong truyện 7 viên ngọc rồng nổi tiếng?|Biden|Bumma|Chichi|Rôbô Póc|A</quest>
	<quest>Con vật nào được nhắc đến trong câu Kiều sau Dưới trăng ... đã gọi hè?|Quyên |Công |Ngôi |Sáu |A</quest>
	<quest>Cưa, bài là các động tác liên quan đến nghề nghiệp nào?|Thợ may|Thợ mộc|Thợ cắt tóc|Thợ điện|B</quest>
	<quest>Nhập gia...?|Tuỳ người|Tuỳ cảnh|Tuỳ tâm|Tuỳ tục|D</quest>
	<quest>Trong các nhân vật sau đây, nhân vật nào thuộc bộ truyện tranh Đôrêmon?|Cađic|Sôngôku|Chaien|Bumma|C</quest>
	<quest>Điền vào chỗ trống: Ai ơi ở chí cho ..., dù ai xoay hướng đổi nền mặc ai?|Vững|Bền|Tốt|Chắc|B</quest>
	<quest>Đâu là một mùa trong năm?|Đông|Tây|Nam|Bắc|A</quest>
	<quest>Trong 5 giác quan, da thuộc giác quan nào?|Thính giác|Vị giác|Xúc giác|Khứu giác|C</quest>
	<quest>Pho mát được làm từ gì?|Gạo|Đậu nành|Sữa|Rau củ|C</quest>
	<quest>Berlin là thủ đô của quốc gia nào?|Đức|Mỹ|Pháp|Anh|A</quest>
	<quest>Theo phương ngữ Nam Bộ, 'mắc cỡ' có nghĩa là gì?|Xấu hổ|Tức giận|Vui mừng|Hồi hộp|A</quest>
	<quest>Dân tộc nào có số dân đông thứ 2 Việt Nam?|Tày |Mường |Khmer|Hoa |A</quest>
	<quest>Chất khí không hoặc rất ít tác dụng với khí khác gọi là gì?|Khí trơ|Khí nén|Khí hiếm|Khí thơm|A</quest>
	<quest>Cây xanh quang hợp nhờ khí gì?|Cacbonic|Meetan|Nitơ|Oxi|A</quest>
	<quest>Đâu là một món ăn?|Thắng cố|Chiếu cố|Cái cố|Nóng cố|A</quest>
	<quest>Đâu là tên của một chương trình tình nguyện?|Mùa hè đỏ|Mùa hè xanh|Mùa hè vui|Mùa hè mới|B</quest>
	<quest>Đâu là tên gọi khác của vừng?|Lứt|Mè|Bom|Lạc|B</quest>
	<quest>Điện thoại di động quá to, ít tính năng thường được ví như?|Cục đá|Cục đất|Cục gạch|Cục sỏi|C</quest>
	<quest>Khi khát nếu ta uống nước...sẽ khát hơn?|Nước khoáng|Nước biển|Cocacola|Nước chanh|B</quest>
	<quest>Chọn câu đúng?|Chân bùn tay lấm|Chân lấm tay bùn|Chân tay lấm bùn|Bùn lầm chân tay|B</quest>
	<quest>Chọn câu đúng?|Đá cháo ăn bát|Ăn cháo đá bát|Đá bát cháo ăn|Ăn bát đá cháo|B</quest>
	<quest>Trong Windows bấm tổ hợp phím nào để dán tập tin sau khi đã Copy?|Ctrl  C|Ctrl  V |Ctrl  X|Alt  V|B</quest>
	<quest>Vụ khủng bố 11  9 tại Mỹ xảy ra vào năm nào?|2001|2002|2003|2004|A</quest>
	<quest>Từ nào không phải là từ Hán Việt trong các từ sau?|Ca nhi |Quả phụ|Tương tư|Du dương|C</quest>
	<quest>Muốn kiểm tra chính xác một em bé có sốt hay không ta sẽ chọn loại dụng cụ nào sau đây?|Nhiệt kế rượu|Thủy kế|Nhiệt kế y tế|Ampe kế|C</quest>
	<quest>Danh từ số nhiều của danh từ tiếng Anh mouse chuột là gì?|Mice|Mous|Mouses|Mices|A</quest>
	<quest>Đảo lớn nhất Địa Trung Hải là?|Cyprus|Sicily|Crete|Rhode|B</quest>
	<quest>Tổ của một số loài sâu khi hóa thành bướm gọi là?|Cũi|Kén|Ổ|Giòng|B</quest>
	<quest>Bộ sưu tập thành tích của bóng đá Brazil cho đến năm 2010 còn khuyết danh hiệu vô địch nào sau đây ?|World Cup|Copa America|Conferderation Cup|Olympic|D</quest>
	<quest>Độ ẩm của không khí như thế nào thì dẫn đến hiện tượng sương mù ?|Cao|Thấp|Bão hoà|Bán bão hoà|C</quest>
	<quest>Chu Thụ Nhân là tên thật của nhà văn nào ?|Chu Lai|Lỗ Tấn|Chu Tác Nhân|Lỗ Thuỵ|B</quest>
	<quest>Dạng nước được cây xanh sử dụng nhiều nhất là?|Nước trọng lực|Nước liên kết với chất vô cơ, hữu cơ|Nước liên kết trên bề mặt các hạt đất|Nước mao dẫn|D</quest>
	<quest>Trong các tên sau đây , tên nào là từng là tên gọi của Lênin ?|Vladimir Ilits Ulianov|K. Tulin|Karpov|Tất cả đều đúng|D</quest>
	<quest>Cho biết phần mềm nào không dùng để diệt virus?|BKAV|AVAST|Depraved Web Killer|D32|C</quest>
	<quest>Trước Washington,thành phố nào đã từng là thủ đô của Mỹ?|Philadelphia|Los Angeles|New York|Boston|A</quest>
	<quest>Kết nối sức mạnh là khẩu hiệu của mạng di động nào nước ta?|Viettel|Vinaphone|EVN|Sfone|C</quest>
	<quest>Nghe là thấy là khẩu hiệu của mạng di động nào ở nước ta?|Sfone|Viettel|EVN|Mobiphone|A</quest>
	<quest>Trong các từ sau đây, từ nào không cùng nghĩa với các từ còn lại?|Độc ác|Hiểm độc|Ác nghiệt|Nhân từ|D</quest>
	<quest>Trong các từ sau đây, từ nào không cùng nghĩa với các từ còn lại?|Hiền lành|Nhân từ|Hiểm độc|Nhân hậu|C</quest>
	<quest>Trong bàn cờ Vua, mỗi bên có bao nhiêu quân Sĩ?|0|1|2|3|A</quest>
	<quest>Đâu là tên một truyện cổ tích?|Công chúa ngủ trong rừng|Công chúa ngủ trong phòng|Công chúa ngủ trong hầm|Công chúa mất ngủ|A</quest>
	<quest>Trong bàn cờ Tướng, mỗi bên có bao nhiêu quân Tốt?|9|6|1|5|D</quest>
	<quest>Trong bàn cờ Tướng, mỗi bên có bao nhiêu quân Pháo?|4|3|2|1|C</quest>
	<quest>Đâu là tên một loại cây?|Chơi nốt|Đánh nốt|Thốt nốt|Hốt nốt|C</quest>
	<quest>Một thập kỷ có bao nhiêu năm?|10|100|1000|10000|A</quest>
	<quest>Tranh vẽ trên tường được gọi là gì?|Bích họa|Hoạt họa|Đại họa|Tai họa|A</quest>
	<quest>Hành động nào sau đây được coi là rửa tiền?|Hợp pháp hóa tiền bất chính|Cho vay nặng lãi|Đổi tiền cũ lấy tiền mới|Cho tiền vào nước|A</quest>
	<quest>Đồng Tháp là một tỉnh thuộc miền nào của Việt Nam?|Đông Nam Bộ|Tây Nam Bộ|Tây Nguyên|Nam Trung Bộ|B</quest>
	<quest>Ngày miền Nam Việt Nam hoàn toàn giải phóng thống nhất đất nước?|20.9.1975|30.04.1975|19.08.1975|26.03.1975|B</quest>
	<quest>Quốc khánh nước Cộng hoà xã hội chủ nghĩa Việt Nam?|30.04|02.09|14.02|09.02|B</quest>
	<quest>Việt Nam là nước có dân số đứng thứ mấy trên thế giới?|13|14|15|12|A</quest>
	<quest>Thành phố Pleiku trực thuộc tỉnh nào của nước ta?|Kon Tum|Gia Lai|Đắc Lắc|Đắc Nông|B</quest>
	<quest>Thành phố Vinh trực thuộc tỉnh nào của nước ta?|Thanh Hoá|Nghệ An|Hà Tĩnh|Hà Nam|B</quest>
	<quest>Tim người gồm bao nhiêu ngăn?|2|3|4|5|C</quest>
	<quest>Nồi canh có nhiều rau được gọi là gì?|Tập tành|Tập tăng|Tập tàng|Tập dập|C</quest>
	<quest>Điền vào chỗ trống: Áo anh đứt chỉ đường tà, vợ anh chưa có, mẹ già chưa ...?|Vá|May|Khâu|Sửa|C</quest>
	<quest>Điền vào chỗ trống: Ăn cùng.., ngủ cùng chiếu?|Giường|Phòng|Mâm|Bát|C</quest>
	<quest>Điền vào chỗ trống: Áo dài chớ tưởng là ..., bởi không áo ngắn mới mang áo dài?|Sang|Hay|Vui|Cao|A</quest>
	<quest>Điền vào chỗ trống: Anh về bốn bể là nhà, người dưng khác ... vẫn là anh em?|Tên|Họ|Tuổi|Nước|B</quest>
	<quest>Điền vào chỗ trống: Anh đi ba bữa anh về, rừng sâu nước ..., anh đừng ở lâu?|Mặn|Ngọt|Độc|Bẩn|C</quest>
	<quest>Điền vào chỗ trống: Anh buồn có chỗ thở than, em buồn như ngọn ... tàn sắp khuya?|Lửa|Đèn|Nến|Nhang|D</quest>
	<quest>Điền vào chỗ trống: Ầu ơ, gió đưa về rẫy ăn ..., về sông ăn cá về đồng ăn cua?|Còng|Cua|Khoai|Gà|A</quest>
	<quest>Điền vào chỗ trống: Ăn thì ăn những miếng ngon, làm thì chọn việc ... mà làm?|Lớn lao|To to|Cỏn con|Lon ton|C</quest>
	<quest>Điền vào chỗ trống: Ăn sao cho được mà ..., thương sao cho được vợ người mà thương?|Nói|Cười|Nghĩ|Lười|B</quest>
	<quest>Điền vào chỗ trống: Ăn được ngủ được là ..., không ăn không ngủ mất tiền thêm lo?|Tiên|Phật|Điên|Hay|A</quest>
	<quest>Điền vào chỗ trống: Ăn đong cho đáng ăn đong, lấy ... cho đáng hình dong con người?|Vợ|Tiền|Chồng|Đồ|C</quest>
	<quest>Điền vào chỗ trống: Ăn lắm thì hết miếng ngon, nói lắm thì hết lời khôn hoá ...?|Điên|Rồ|Dại|Hâm|B</quest>
	<quest>Điền vào chỗ trống: ... dầm, nằm dề?|Uống|Ngủ|Ngồi|Ăn|D</quest>
	<quest>Điền vào chỗ trống: Ăn cá nhả ..., ăn đường nuốt chậm?|Vây|Đuôi|Xương|Mang|C</quest>
	<quest>Nhân dân tệ là đơn vị tiền tệ đang lưu thông trên quốc gia nào?|Hàn Quốc|Nhật Bản|Triều Tiên|Trung Quốc|D</quest>
	<quest>Ông già Noel cưỡi con gì để đi phát quà?|Nai|Hươu|Ngựa|Tuần lộc|D</quest>
	<quest>Đâu là tên của một chương trình truyền hình?|The Ball|The Voice|The Turtle|The Sea|B</quest>
	<quest>Thăng Long  Hà Nội tròn 1000 năm tuổi vào năm nào?|2009|2010|2011|2012|B</quest>
	<quest>Người ta thường nói: Trật con tán, bán con ….?|Bò|Ngựa|Trâu|Heo|C</quest>
	<quest>Người ta thường nói:  Sai một ly, đi một ….?|Tý|Dặm|Đời|Trăm dặm|B</quest>
	<quest>Tranh thủy mặc thường vẽ về chủ đề gì?|Siêu thực|Thiên nhiên|Sinh hoạt|Chân dung|B</quest>
	<quest>Loại tàu thuyền nào sau đây sử dụng sức gió để di chuyển?|Xuồng|Bo bo|Xà lan|Thuyền buồm|D</quest>
	<quest>Quốc gia có diện tích lớn thứ 2 thế giới?|Canada|Trung quốc|Nga|Mỹ|A</quest>
	<quest>Ngoại ngữ chính của người dân Việt Nam là tiếng gì?|Tiếng Việt|Tiếng Pháp|Tiếng Anh|Tiếng Hoa|C</quest>
	<quest>Người đứng đầu nhà nước Việt Nam được gọi là?|Tổng thống|Chủ tịch nước|Quốc vương|Thủ tướng|B</quest>
	<quest>Người theo học đại học gọi là gì?|Sinh viên|Học viên|Học viên|Giáo sinh|A</quest>
	<quest>Luận điểm cơ bản của một học thuyết gọi là gì?,|Nguyên đơn|Nguyên lành|Nguyên lí|Nguyên vẹn|C</quest>
	<quest>Loài động vật nào có da dày nhất?|Voi|Tê giác|Trâu|Cá voi|B</quest>
	<quest>Theo kinh nghiệm dân gian thì 'Gió đông là ... lúa chiêm' ?|Bạn|Mẹ|Em|Chồng|D</quest>
	<quest>Làm không đụng xác, vác không đụng ... gì?|Tay|Chân|Vai|Lưng|C</quest>
	<quest>Tên gọi khác của quả mướp đắng?|Mướp hương|Khổ qua|Bầu|Mướp lai|B</quest>
	<quest>Tập hợp rỗng chứa bao nhiêu phần tử?|0|1|Vô số|Tùy trường hợp|A</quest>
	<quest>Đáy của các bình xịt thường được làm lên để làm gì?|Chịu lực nén tốt|Chống va đập bình|Quy định chung như vậy|Làm tăng sự nén của bình|A</quest>
	<quest>Đàn Guitar thường có mấy dây?|5|6|7|8|B</quest>
	<quest>Điện áp đầu vào máy tính là bao nhiêu?|12v|110v|5v|220v|A</quest>
	<quest>Châm cứu là dùng cây kim đâm vào nơi nào trên cơ thể người?|Huyệt|Chỗ bị bệnh|Tùy Người châm cứu|Đầu|A</quest>
	<quest>Cụm từ nào còn thiếu trong câu thơ sau của Huy Cận: 'Thuyền về nước lại sầu trăm ngả, ... lạc mấy dòng'?|Một cánh bèo trôi|Một cánh bèo đơn|Ghỗ lạc rừng xa|Củi một cành khô|D</quest>
	<quest>Tên gọi thiết bị trợ giúp cá nhân dạng cầm tay là gì?|PC|Laptop|Notebook|PDA|D</quest>
	<quest>Siêu sao điện ảnh Thành Long của Trung quốc có họ là gì?|Lý|Triệu|Hồ|Trần|D</quest>
	<quest>Tên dãy núi lớn nhất thế giới?|Andes|Alps|Trường Sơn|Himalaya|D</quest>
	<quest>Đâu là tên một bài hát của nhạc sỹ Nguyễn Duy Hùng?|12 ngày|12 bông hồng|12 phép màu|12 giờ|D</quest>
	<quest>Lớp màng vôi mỏng xuất hiệu trên răng khi bạn thưỡng xuyên quên chải răng gọi là gì?|Cao răng|Men răng|Sâu răng|Không phải 3 loại trên|A</quest>
	<quest>Động vật lớn nhất thế giới hiện nay?|Cá voi xanh|Con voi|Tê Giác|Loài khác|A</quest>
	<quest>Con ruồi có mấy chân?|4|6|8|10|B</quest>
	<quest>Tạp chí xuất bản định kỳ trong một tổ chức gọi là gì?|Nội san|Nội thất|Nội y|Nội nhật|A</quest>
	<quest>Tên của một ghệ thuật viết chữ?|Thư tuyệt|Thư pháp|Hoành bút|Chấp pháp|B</quest>
	<quest>Dung dịch nào dùng để sát trùng?|Nước vo gạo|Cồn|Tương ớt|Nước vối|B</quest>
	<quest>Trong hệ soạn thảo Microsoft. Muốn ghi tài liêu vào máy ta phải sử sụng tổ hợp phím nào?|ctrl+s|ctrl+x|ctrl+c|ctrl+v|A</quest>
	<quest>Hãy tìm số có hai chữ số lớn nhất mà khi viết lên giấy và xoay ngược lại vẫn có giá trị không đổi ?|66|88|96|99|C</quest>
	<quest>Trong 4 nhóm máu của người thì nhóm máu nào có thể tiếp nhận tất cả các nhóm máu còn lại ?|Nhóm A|Nhóm B|Nhóm O|Nhóm AB|D</quest>
</data>