﻿<?xml version="1.0" encoding="utf-8"?>
<data>
		<quest>Sơn Tinh và công chúa Mị Nương có quan hệ thế nào?|Chủ tớ|Vợ chồng|Cha con|Anh em|B</quest>
		<quest>Từ nào trong các từ sau đây là danh từ để chỉ người có tài năng và khí phách hơn hẳn người thường?|Anh túc|Anh đào|Anh hào|Anh ách|C</quest>
		<quest>Biểu tượng trên lá cờ của Đảng cộng sản là gì?|Búa - Rìu|Cưa - Rìu|Búa - Liềm|Liềm - Rìu|C</quest>
		<quest>Hai câu thơ "Thái bình tu trí lực/ Vạn cổ thử giang san" nằm trong bài thơ nào?|Sông núi nước Nam|Phò giá về kinh|Bài ca Côn Sơn|Sau phút chia li|B</quest>
		<quest>Theo tục xông nhà năm mới của người Anh, sau khi xông nhà, người xông phải ra ngoài bằng cửa gì?|Trước|Sau|Cửa sổ|Thoát hiểm|B</quest>
		<quest>Đền Bà Chúa Kho ở tỉnh, thành phố nào?|Bắc Ninh|Quảng Ninh|Thái Bình|Nam Định|A</quest>
		<quest>Bài hát "Hồ trên núi" là tên một tác phẩm của nhạc sĩ nào?|Trần Long Ẩn|Phong Nhã|Phó Đức Phương|Tôn Thất Lập|C</quest>
	<quest>Nước nào sau đây có nhiều bò và trồng nhiều chè nhất thế giới?|Tây Ban Nha|Ấn Độ|Hoa Kỳ|Pháp|B</quest>
	<quest>Khi ngủ , tư thế nằm như thế nào là có lợi nhất đối với tim ?|Nằm sấp|Nằm ngửa|Nằm nghiêng sang trái|Nằm nghiêng sang phải|D</quest>
	<quest>Số nào lớn nhất trong các số sau?|Căn bậc 2 của 2|Căn bậc 3 của 3|Căn bậc 4 của 4|Căn bậc 5 của 5|C</quest>
	<quest>Giao điểm của 3 đường trung trực của một tam giác được gọi là gì?|Trọng tâm|Trực tâm|Tâm đường tròn nội tiếp|Tâm đường tròn ngoại tiếp|D</quest>
	<quest>Ai là tác giả của tác phẩm nổi tiếng 'Ba chàng ngự lâm pháo thủ' ?|Alexandre Dumas|Victor Hugo|Charles Dicken|Lev Tonxtoi|A</quest>
	<quest>Nước nào thuộc Liên Minh Châu Âu EU có diện tích rộng nhất ?|Pháp|Thuỵ Điển|Đức|Tây Ban Nha|A</quest>
	<quest>Những ngân phiếu đầu tiên trên thế giới được in ở đâu?|Thuỵ Điển|Thuỵ Sĩ|Trung Quốc|Anh|A</quest>
	<quest>Trong những người sau, ai là họa sĩ?|Tô Ngọc Vân|Nguyễn Khuyến|Vũ Bằng|Nguyễn Chánh Tín|A</quest>
	<quest>Trong những người sau, ai là ca sĩ?|Mỹ Linh|Hồng Sơn|Nguyễn Văn Chung|Thanh Bạch|A</quest>
	<quest>Trong những người sau, ai là nhà thơ?|Huy Cận|Tô Hoài|Thạch Lam|Trịnh Công Sơn|A</quest>
	<quest>Món lạp xưởng truyền thống có nguyên liệu chính là gì?|Thịt heo|Thịt bò|Thịt gà|Củ cải|A</quest>
	<quest>Một bộ cờ vua có bao nhiêu loại quân?|5|6|7|8|B</quest>
	<quest>Hồ nào sau đây không có ở Hà Nội?|Hồ Gươm|Hồ Ba Bể|Hồ Thiền Quang|Hồ Tây|B</quest>
	<quest>Tà vẹt là một bộ phận của cái gì?|Xep đạp|Đường ray tàu hỏa|Máy nổ|Tàu hỏa|B</quest>
	<quest>Người ta dùng từ Zodiac để chỉ các chòm hoàng đạo, vậy Zodiac có nghĩa là gì ?|Động vật|Con người|Chòm sao|Mặt trời|A</quest>
	<quest>Phần mềm chuyên phá hoại hệ thống máy tính, gây phiền cho người sử dụng gọi là gì?|Hệ điều hành|Tập tin|Virus|Thư mục|C</quest>
	<quest>Nét đặc trưng của tự nhiên Lào?|Không có núi|Không có biển|Không có đồng bằng|Không có sông lớn|B</quest>
	<quest>Không nên nấu khoai tây chung với thứ nào dưới đây?|Giá đỗ|Cà chua|Thịt bò|Hành lá|B</quest>
	<quest>Nước Campuchia thuộc khu vực nào?|Đông Nam Á|Tây Nam Á|Đông Á|Nam Á|A</quest>
	<quest>Con lợn có béo thì...mới ngon?|Lòng|Tai|Thịt|Tiết|A</quest>
	<quest>Dụng cụ bằng tre nứa được đeo trên lưng để vận chuyển?|Gùi|Túi|Bao|Bị|A</quest>
	<quest>Có câu 'Lạt mềm ...'?|Buộc chặt|Dễ cháy|Dễ đứt|Khó cởi|A</quest>
	<quest>Câu 'Khôn nhà dại chợ' thuộc thể loại văn học nào|Thơ|Thành ngữ|Tục ngữ|Ca dao|B</quest>
	<quest>Vịnh biển đầu tiên của Việt Nam được UNESCO công nhận là di sản thiên nhiên thế giới là?|Vịnh Hạ Long|Vịnh Nha Trang|Vịnh Văn Phong|Vịnh Cam Ranh|A</quest>
	<quest>Hình thang có 2 góc ở đáy vuông có thể là hình gì?|Tam giác|Hình tròn|Hình chữ nhật|Elip|C</quest>
	<quest>Hình bình hành có 2 đường chéo bằng nhau gọi là hình gì?|Tam giác|Hình thang|Hình vuông|Hình chữ nhật|D</quest>
	<quest>Tổng đài giải đáp thông tin có số điện thoại là số nào?|113|114|107|1080|D</quest>
	<quest>115 là số điện thoại khẩn cấp gọi đến bộ phận nào?|Gọi tổng đài|Gọi cứu thương|Gọi cứu hoả|Gọi công an|B</quest>
	<quest>113 là số điện thoại khẩn cấp gọi đến bộ phận nào?|Gọi tổng đài|Gọi cứu thương|Gọi cứu hoả|Gọi công an|D</quest>
	<quest>114 là số điện thoại khẩn cấp gọi đến bộ phận nào?|Gọi tổng đài|Gọi cứu thương|Gọi cứu hoả|Gọi công an|C</quest>
	<quest>Quả nào sau đây thường không có trong mâm cỗ rằm Trung thu?|Bưởi|Hồng|Cau|Na|C</quest>
	<quest>095 là đầu số thuộc mạng di động nào của Việt Nam?|Vinaphone|Viettel|Mobiphone|Sfone|D</quest>
	<quest>Năm 1911, Bác Hồ đã rời Việt Nam bằng phương tiện gì?|Tàu hỏa|Máy bay|Đường bộ|Tàu thủy|D</quest>
	<quest>Ở Việt Nam có bao nhiêu mạng di động sử dụng công nghệ GSM?|2|3|4|5|B</quest>
	<quest>Trong võ thuật, cước chỉ đòn thế của bộ phận nào?|Tay|Đầu|Bụng|Chân|D</quest>
	<quest>Băng Cốc là thủ đô của quốc gia nào?|Brunei|Indonesia|Malaysia|Thái Lan|D</quest>
	<quest>Lúc Bác Hồ ra đi tìm đường cứu nước, Bác lấy tên là gì?|Nguyễn Ái Quốc|Nguyễn Tất Thành|Văn Ba|Hồ Chí Minh|C</quest>
	<quest>Asean là hiệp hội của các nước thuộc khu vực nào?|Đông á|Trung á|Nam Á|Đông Nam Á|D</quest>
	<quest>Vòng chung kết cúp bóng đá thế giới World Cup được tổ chức mấy năm một lần?|1|2|3|4|D</quest>
	<quest>Cầu thủ bóng đá nam xuất sắc nhất châu Á năm 1998 là ai?|Kiatisak|Bima Sakti|Nguyễn Hồng Sơn|Nakata|C</quest>
	<quest>Con sông dài nhất thế giới tên là gì?|Amazon|Nil|Mississippi|Dương Tử|B</quest>
	<quest>Thomas Edison là người nước nào|Anh|Bỉ|Thụy Sĩ|Mỹ|D</quest>
	<quest>Sashimi là tên của:|Một loại kiếm|Một món ăn|Một địa danh|Một ngày lễ|B</quest>
	<quest>Sông nào là một nhánh của sông Mekong?|Sông Hàn|Sông Lô|Sông Hậu|Sông Thao|C</quest>
	<quest>Quê hương của môn thể thao vua bóng đá ở quốc gia nào?|Brazil|Pháp|Anh|Tây Ban Nha|C</quest>
	<quest>Tỉnh nào có diện tích trồng cây Cà Phê lớn nhất Việt Nam?|Đắc Lắc|Gia Lai|Lâm Đồng|Kontum|A</quest>
	<quest>Đèo nào dài nhất Việt Nam?|Đèo Pađin|Đèo Ngang|Đèo Hải Vân|Đèo Dốc Xây|C</quest>
	<quest>Hình thoi có một góc vuông gọi là gì?|Hình bình hành|Hình vuông|Hình thoi vuông|Tứ giác đều|B</quest>
	<quest>Tam giác vuông có 2 góc nhọn bằng nhau gọi là tam giác gì?|Tam giác vuông|Tam giác cân|Tam giác đều|Tam giác vuông cân|D</quest>
	<quest>Trong cách đầu số sau đây, đầu số nào là của mạng di động Viettel?|_0121|_0122|_0163|_0123|C</quest>
	<quest>Từ nào sau đây không cùng nhóm với các từ còn lại?|Winter|Water|Spring|Summer|B</quest>
	<quest>Chất nào sau đây không phải là chất dinh dưỡng?|Chất khoáng|Chất béo|Chất xơ|Chất đạm|C</quest>
	<quest>Mạng điện dân dụng dùng trong gia đình có điện áp bằng bao nhiêu?|380V|220V|200V|110V|B</quest>
	<quest>Trong các loại bàn sau đây, bàn nào không phải là vật?|Bàn bạc|Bàn là|Bàn sắt|Bàn ghế|A</quest>
	<quest>Lý cây bông là điệu lý của miền nào?|Trung du Bắc Bộ|Nam Bộ|Trung du Nam Bộ|Duyên hải Miền Trung|B</quest>
	<quest>Thành phố nào của Việt Nam còn được gọi là Tây Đô?|Hồ Chí Minh|Đà Nẵng|Hà Nội|Cần Thơ|D</quest>
	<quest>Tranh Đông Hồ được vẽ trên chất liệu gì?|Gỗ|Thanh tre|Giấy manh|Giấy dó|D</quest>
	<quest>Trong các kim loại sau đây, kim loại nào quý hơn các kim loại còn lại?|Chì|Bạch kim|Đồng|Bạc|B</quest>
	<quest>Loài cá săn mồi nào lớn nhất?|Cá voi|Cá mập trắng|Cá nhà táng|Cá heo|B</quest>
	<quest>Khi chơi game trên máy tính, ta gặp dòng chữ Game Over, điều này có nghĩa gì?|Thắng 1 màn|Dừng cuộc chơi|Thua cuộc|Vô địch|C</quest>
	<quest>Trong các chi tiết máy, có tên của con vật nào?|Ốc|Hến|Tôm|Cua|A</quest>
	<quest>Câu nói: Nước trong quá không có cá, người xét nét quá không có bạn thuộc thể loại văn học nào?|Thành ngữ|Tục ngữ|Ca dao|Ngạn ngữ|D</quest>
	<quest>Kim vàng ai nỡ uốn câu,Người khôn ai nỡ nói câu nặng lời. Thuộc thể loại văn học nào?|Tục ngữ|Ca dao|Châm ngôn|Thành ngữ|B</quest>
	<quest>Trái đất có bao nhiêu lục địa?|3|4|5|6|D</quest>
	<quest>Đâu là tên một môn thể thao?|Cầu nắng|Cầu mưa|Cầu sòng|Cầu mây|D</quest>
	<quest>Người ta thường nói Trong như...?|Than|Hạt na|Gỗ mun|Hổ phách|D</quest>
	<quest>Android là gì?|Tên một loài động vật|Tên một bộ phim|Tên một chất hóa học|Tên một hệ điều hành|D</quest>
	<quest>Đâu là tên một bộ phim?|Long nhạn|Long Keng|Long gà|Long ruồi|D</quest>
	<quest>Đâu là tên một bộ phim?|Bẫy rồng|Bẫy hổ|Bẫy sói|Bẫy chuột|A</quest>
	<quest>Đâu là tên một bộ phim?|Bụi đời chợ Lớn|Bụi đời chợ Đồng Xuân|Bụi đời chợ Gạo|Bụi đời chợ đầu mối|A</quest>
	<quest>Đâu là tên một bộ phim?|Thứ 6 ngày 13|Thứ 6 ngày 14|Thứ 6 ngày 15|Thứ 6 ngày 17|A</quest>
	<quest>Đâu là tên một bộ phim?|The Avenger|The Bvenger|The Cvenger|The Dvenger|A</quest>
	<quest>Máu bạch tuộc có màu gì?|Trong suốt|Tím|Xanh|Không có máu|D</quest>
	<quest>Hồ Chí Minh từng dạy:Lạc nước hai xe đành bỏ phí,Gặp thời một …. cũng thành công?|Pháo|Tướng|Tốt|Mã|C</quest>
	<quest>Anh về, chẻ nứa đan  sàng, Chẻ tre đan võng, cho nàng ….?|Ngủ ngon|Ngủ trưa|Nghỉ ngơi|Ru con|D</quest>
	<quest>Trong các loài hoa sau đây, loài hoa nào thường nở vào mùa xuân?|Hoa đào|Hoa phượng|Hoa Thiên lý|Hoa tóc tiên|A</quest>
	<quest>Ai là người tìm ra châu Mỹ?|Marco Polo|Christophe Colombo|Washington|James Cook|B</quest>
	<quest>Vũ khí của các chiến binh Samurai là gì?|Súng|Phi tiêu|Kiếm|Cung|C</quest>
	<quest>Samurai là những chiến binh thời xưa của nước nào?|Hàn Quốc|Nhật Bản|Trung Quốc|Ấn Độ|B</quest>
	<quest>Khoáng chất nào cứng nhất trong các khoáng chất sau?|Thạch Anh|Topa|Kim cương|Thạch cao|C</quest>
	<quest>Tác phẩm nào sau đây là của nhà văn nổi tiếng Ngô Thừa Ân?|Thuỷ Hử|Tam Quốc Diễn Nghĩa|Tây Du Ký|Hồng Lâu Mộng|C</quest>
	<quest>Tim thuộc hệ gì?|Hệ bài tiết|Hệ tuần hoàn|Hệ hô hấp|Hệ thần kinh|B</quest>
	<quest>Phổi thuộc hệ gì?|Hệ thần kinh|Hệ bài tiết|Hệ hô hấp|Hệ tuần hoàn|C</quest>
	<quest>Hút thuốc lá có hại cho bộ phận nào nhất?|Quả tim|Gan|Thần kinh|Phổi|D</quest>
	<quest>Khi tham gia giao thông, đội mũ bảo hiểm là ... đối với chúng ta?|Nhiệm vụ|Nghĩa vụ|Trách nhiệm|Sở thích|B</quest>
	<quest>Con cáo và tổ ong là tác phẩm của nhà thơ nào?|Nguyễn KHuyến|Tố Hữu|Nguyễn Thanh Hải|Hồ Chí Minh|D</quest>
	<quest>Các từ viết tắt sau đây, từ nào có nghĩa rất khác với các từ còn lại?|WAN|LAN|WIFI|WTO|D</quest>
	<quest>Tá Tràng Là bộ phận trong cơ quan nào của cơ thể?|Ruột non|Dạ dày|phổi|Tim|A</quest>
	<quest>Cột sống hình chữ S ở người liên quan đến hoạt động nào sau đây?|Phát triển tiếng nói|Sử dụng công cụ lao động|Đi đứng thẳng|Tư duy trừu tượng|C</quest>
	<quest>Tên gốc của loại bánh là đặc sản của Từ Sơn, Đình Bảng, Bắc Ninh?|Bánh phu thê|Bánh cáy|Bánh đa|Bánh cu đơ|A</quest>
	<quest>Đâu là tên một thời kỳ khí hậu của Trái Đất?|Băng hà|Băng tan|Băng trôi|Băng đá|A</quest>
	<quest>Đàn thập lục còn gọi là đàn gì?|Đàn tranh|Đàn đáy|Đàn Guitar|Không có tên gọi khác|A</quest>
	<quest>Say it your way là khẩu hiệu của mạng di động nào?|Viettel|Vina|Mobile|VN Mobile|A</quest>
	<quest>Loài thân cỏ lớn nhất?|Tre|Trúc|Cỏ lau|Cỏ gấu|A</quest>
	<quest>Đâu không phải là một vũ khí thời cổ đại?|Lao|Thương|Qua|Lựu đạn|D</quest>
	<quest>Không có loại sữa nào sau đây?|Đậu nành|Đậu phộng|Đậu Hà Lan|Đậu xanh|C</quest>
	<quest>Loại gia vị nào không thể thiếu trong món thịt chó?|Giềng|Nước mắm|Mù tạt|Ngũ vị hương|A</quest>
	<quest>Điền vào chỗ trống: 'Người xấu duyên...vào trong'?|Lặn|Chìm|Ẩn|Giấu|A</quest>
	<quest>Đâu là một sáng tác của nhạc sĩ Trịnh Công Sơn?|Em là bông hồng nhỏ|Em là chú chim nhỏ|Em là tất cả|Em đi tới trường|A</quest>
	<quest>Một  Mẫu bằng bao nhiêu sào?|5|10|15|100|B</quest>
	<quest>Có câu: Ở bầu thì tròn, ở ống thì...|Vuông|Dài|Mỏng|Méo|B</quest>
	<quest>Đỉnh Phan Xi Păng cao bao nhiêu?|2143m|3143m|4143m|5143m|B</quest>
	<quest>Cầu thang lên chùa Một cột hiện nay làm bằng gì?|Gỗ|Tre|Gạch, vữa|Bê-Tông|C</quest>
	<quest>Phân biêt cua đực, cua cái bằng ?|Càng|Yếm|Mai|Mắt cua|B</quest>
	<quest>Dau khong phai la ngu coc?|Ngo|Khoai|Lua gao|Lua Mi|B</quest>
	<quest>Đặc điểm nào sau đây ở người gắn liền với sự phát triển của tiếng nói?|Răng nanh kém phát triển|Trán rộng và thẳng|Xương hàm dưới cằm lồi rõ|Gờ hốc mắt không có|C</quest>
	<quest>Âm thanh của ve sầu cái phát ra từ đâu?|Cánh|Mồm|Đuôi|Không có âm thanh|D</quest>
	<quest>Bộ phận nào sau đây của cơ thể tiêu thụ oxy nhiều nhất?|Xương|Não|Da|Cơ bắp|B</quest>
	<quest>Đèo Cả thuộc địa phận tỉnh Phú Yên và tỉnh nào sau đây?|Cao Bằng|Hà Tĩnh|Quảng Bình|Khánh Hòa|D</quest>
	<quest>Đại dương có diện tích nhỏ nhất?|Bắc Băng Dương|Ấn Độ Dương|Thái Bình Dương|Đại Tây Dương|A</quest>
	<quest>Quy trình hô hấp gồm mấy giai đoạn chủ yếu?|2|3|4|5|B</quest>
	<quest>Người bình thường lúc nghỉ ngơi, nhịp tim là bao nhiêu lần một phút?|55|65|75|85|C</quest>
	<quest>Bộ xương người được chia làm mấy phần?|3|4|5|6|A</quest>
	<quest>Tên một món ăn làm từ thị, bì trộn với thính và ướp lá ổi?|Chạo|Chao|Cháo|Chuôi|A</quest>
	<quest>January trong tiếng Anh tức là tháng mấy?|1|2|3|4|A</quest>
	<quest>February trong tiếng Anh tức là tháng mấy?|2|3|4|5|A</quest>
	<quest>March trong tiếng Anh tức là tháng mấy?|3|4|5|6|A</quest>
	<quest>April trong tiếng Anh tức là tháng mấy?|4|5|6|7|A</quest>
	<quest>May trong tiếng Anh tức là tháng mấy?|5|6|7|8|A</quest>
	<quest>June trong tiếng Anh tức là tháng mấy?|6|7|8|9|A</quest>
	<quest>July trong tiếng Anh tức là tháng mấy?|7|8|9|10|A</quest>
	<quest>August trong tiếng Anh tức là tháng mấy?|8|9|10|11|A</quest>
	<quest>September trong tiếng Anh tức là tháng mấy?|9|10|11|12|A</quest>
	<quest>October trong tiếng Anh tức là tháng mấy?|9|10|11|12|B</quest>
	<quest>November trong tiếng Anh tức là tháng mấy?|9|10|11|12|C</quest>
	<quest>December trong tiếng Anh tức là tháng mấy?|9|10|11|12|D</quest>
	<quest>Đơn vị đo cường độ dòng điện là gì?|Ampe|Vôn|Ôm|Mét|A</quest>
	<quest>Hình ảnh chú bé người gỗ khiến bạn liên tưởng đến nhân vật nào?|Bu-ra-ti-nô|Mickey|Vịt Donal|Đô-Rê-Mon|A</quest>
	<quest>Cụm từ nào mở đầu bài hát 'Cô gái mở đường'?|Đi giữa trời khuya|Sao đêm lấp lánh|Tiếng hát ai vang vọng|Trường Sơn đẹp lắm|A</quest>
	<quest>Trong các phần mềm sau đây, phần mềm nào dùng để xử lý ảnh chuyên nghiệp?|Yahoo Messenger|Bitdefender|Photoshop|Kaspersky|C</quest>
	<quest>Quốc gia nào sau đây có tên trùng với tên thủ đô?|Colombia|Cuba|Mexico|Mông Cổ|C</quest>
	<quest>Nhắc đến xứ dừa là nhắc đến tỉnh nào?|Bến Tre|An Giang|Đồng Tháp|Tiền Giang|A</quest>
	<quest>Cho đến năm 2010, Việt Nam đã tổ chức bao nhiêu lần Đại hội Sea Games?|1|2|3|4|A</quest>
	<quest>Điểm thi đấu Sea Games phải treo bao nhiêu lá cờ?|8 lá cờ|10 lá cờ|14 lá cờ|18 lá cờ|C</quest>
	<quest>Windows XP là gì?|Bộ gõ tiếng Việt|Trình soạn văn bản|Hệ điều hành|Phần cứng máy tính|C</quest>
	<quest>Từ nào sau đây không cùng nhóm với các từ còn lại?|Good morning|Thank you|Hello|Good afternoon|B</quest>
	<quest>Khi ngâm rửa thịt sau khi cắt thái thì chất nào sẽ bị mất đi?|Chất đạm và béo|Chất khoáng và sinh tố|Chất đạm và chất xơ|Sinh tố và chất béo|B</quest>
	<quest>Để quan sát một vật nhỏ qua kính lúp, ta phải đặt vật ở vị trí nào?|Sát mặt kính|Ngoài khoảng tiêu cự|Trong khoảng tiêu cự|Vị trí nào cũng được|C</quest>
	<quest>Để có ánh sáng màu hồng nhạt, phải trộn hai màu nào với nhau?|Đỏ với lục|Đỏ với lam|Đỏ với tím|Đỏ với vàng|B</quest>
	<quest>Vật màu đỏ tán xạ tốt ánh sáng màu gì?|Đỏ|Trắng|Xanh|Vàng|A</quest>
	<quest>Khi nhìn thấy vật màu xanh lục thì ánh sáng màu nào đi từ vật đến mắt ta?|Màu đỏ|Màu lam|Màu xanh lục|Màu trắng|C</quest>
	<quest>Trong nhà máy thuỷ điện, điện năng do dạng năng lượng nào chuyển hoá thành?|Gió|Cơ năng của nước|Quang năng của ánh sáng|Nhiệt do nhiên liệu bị đốt cháy|B</quest>
	<quest>Loại gang nào được dùng để luyện thép?|Gang trắng|Gang đen|Gang xốp|Gang xám|A</quest>
	<quest>Đất nước nào là quê hương của điệu nhảy Tango?|Brazil|Tây Ban Nha|Argentina|Chile|C</quest>
	<quest>Nơ ron thần kinh có mấy chức năng cơ bản?|2|4|3|1|A</quest>
	<quest>Xe nào sau đây có một bánh?|Xe rùa|Xe bò|Xe lam|Xe lăn|A</quest>
	<quest>Quốc gia có diện tích lớn nhất thế giới?|Trung Quốc|Mỹ|Nga|Canada|C</quest>
	<quest>Theo cấu trúc phân tầng thì rừng tự nhiên được chia làm mấy tầng?|2|3|4|5|B</quest>
	<quest>Trong quá trình nghiên cứu về di tích hóa thạch, người ta tìm ra mấy dạng vượn người hóa thạch?|3|4|5|6|A</quest>
	<quest>Anhxtanh không bao giờ dùng đồ vật nào sau đây?|Tất|Tẩu|Khăn quàng|Bàn chải|A</quest>
	<quest>Khi gia nhập, Việt Nam là thành viên thứ bao nhiêu của Liên Hợp Quốc?|147|148|149|150|C</quest>
	<quest>Trong các đơn vị đo chiều dài sau, đơn vị nào là lớn nhất?|Pasêc|Km|Năm ánh sáng|Đơn vị thiên văn|A</quest>
	<quest>Câu lạc bộ nào duy nhất chưa từng vắng mặt ở các cúp châu Âu kể từ khi giải này được khởi tranh (1955)?|Manchester United|Ajax Amsterdam|Juventus|Barcelona|D</quest>
	<quest>Câu lạc bộ nào được liên đoàn bóng đá thế giới (FIFA) chọn là câu lạc bộ xuất sắc nhất thế kỷ 20?|Manchester United|Barcelona|Real Madrid|Juventus|C</quest>
	<quest>Sea Games lần đầu tiên được tổ chức vào năm nào?|1955|1959|1963|1969|B</quest>
	<quest>Bộ truyện 'Thám tử lừng danh Conan' là của nước nào?|Anh|Nhật|Pháp|Hàn Quốc|B</quest>
	<quest>Đặc điểm nào sau đây đã có ở vượn người?|Đôi tay đã tự do khi di chuyển|Biểu lộ tình cảm vui buồn|Đứng thẳng|Tư duy trìu tượng phức tạp|B</quest>
	<quest>Trong các dạng vượn người, dạng có quan hệ gần gũi với người nhất là?|Vượn|Khỉ Gôrila|Tinh tinh|Đười ươi|C</quest>
	<quest>Cầu thủ được mệnh danh là 'Chiếc chân trái ma thuật'?|Rivaldo|Romario|Thierry Henry|Roberto Carlos|A</quest>
	<quest>Quỹ đạo chuyển động của các hành tinh quanh mặt trời là đường gì?|Parapol|Hypecpol|Elip|Tròn|C</quest>
	<quest>Trong các nước sau, nước nào có đường biên giới với nước ta là dài nhất?|Lào|Thái Lan|Trung Quốc|Campuchia|A</quest>
	<quest>Tổ chức duy trì hòa bình và an ninh thế giới, phát triển mối quan hệ giữa các dân tộc trên thế giới trên cơ sở tôn trọng độc lập.|WTO|Liên minh Châu Âu|ASEAN|Liên hợp quốc|D</quest>
	<quest>Việt Nam trở thành thành viên của Liên Hợp Quốc vào năm nào?|1989|1979|1977|1972|C</quest>
	<quest>Bao nhiêu năm thì nước ta tiến hành tổng điều tra dân số 1 lần?|3|5|10|15|C</quest>
	<quest>Nghệ thuật vẽ chân dung giống y như người thật gọi là gì?|Thủy mặc|Phác họa|Truyền thần|Trừu tượng|C</quest>
	<quest>Tác giả của bài thơ 'Nhớ con sông quê hương'?|Nguyễn Thi|Tế Hanh|Đỗ Trung Quân|Quang Dũng|B</quest>
	<quest>Đàn độc huyền là tên gọi khác của loại đàn nào?|Đàn bầu|Đàn guitar|Đàn piano|Đàn đá|A</quest>
	<quest>Ngày thu phân là ngày nào?|23.9|25.10|24.07|23.5|A</quest>
	<quest>Cầu Mỹ Thuận bắc qua con sông nào?|Sông Hồng|Sông Thương|Sông Hàn|Sông Tiền|D</quest>
	<quest>Ngày truyền thống HS-SV Việt Nam là ngày nào?|09.01|21.10|30.4|22.3|A</quest>
	<quest>Một sào bằng bao nhiêu thước?|10|15|20|100|B</quest>
	<quest>Món ăn đặc trưng của mùa thu?|Bánh chưng|Cốm|Chè bưởi|Thịt đông|B</quest>
	<quest>Sông MeKong bắt nguồn từ đâu?|Trung Quốc|Lào|Campuchia|Việt Nam|A</quest>
	<quest>Đàn tuần lộc của Ông già Noel có mấy con?|9|10|12|15|A</quest>
	<quest>Đàn đáy có mấy đáy?|1|2|3|Không có đáy|D</quest>
	<quest>Công đoạn nào sau đây không có trong sản xuât bánh mỳ?|Nhào bột|Lên men|Nướng|Hấp|D</quest>
	<quest>Trong lịch sử nước ta, Bố cái đại vương Phùng Hưng đã đóng đô ở đâu?|Mê Linh|Long Biên|Cổ Loa|Đại La|D</quest>
	<quest>Đâu là một sáng tác của nhà thơ Chế Lan Viên?|Tiếng hát sông Hương|Tiếng hát người lính|Tiếng hát đi cày|Tiếng hát con tàu|D</quest>
	<quest>Hà Nội xưa có mấy cửa ô?|3|4|5|6|C</quest>
	<quest>Trong các loại trái cây sau, loại nào kỵ nhất với người bị tiểu đường?|Sầu riêng|Cam|Thanh long|Dưa chuột|A</quest>
	<quest>Ai là thủ lĩnh của 108 anh hùng Lương Sơn Bạc?|Tống Giang|Yến Thanh|Lâm Xung|Lý Quỳ|A</quest>
	<quest>Từ 1 đến 150 có bao nhiêu chữ số 0?|15|118|22|25|D</quest>
	<quest>Con vật nào tượng trưng cho phương đông?|Rùa|Rồng|Rắn|Cá|B</quest>
	<quest>Máu chiếm bao nhiêu phần trăm nước (%)?|30|48|78|85|C</quest>
	<quest>Châu nào gần như toàn bộ các nước đều trồng lúa?|Châu Á|Châu Phi|Châu Âu|Châu Mỹ|B</quest>
	<quest>Bức tranh 'Thiếu nữ bên hoa huệ' của tác giả nào?|Trần Văn Cẩn|Tô Ngọc Vân|Bùi Xuân Phái|Nguyễn Sáng|B</quest>
	<quest>Làng Yên Phụ ở Hà Nội nổi tiếng với nghề gì?|Kim hoàn|Làm cốm|Làm hương|Đúc đồng|C</quest>
	<quest>Thiên thể nào lớn đễn nỗi ngay cả ánh sáng cũng không thoát khỏi trọng lực của nó?|Hố đen|Hố sâu|Hố ánh sáng|Loại khác|A</quest>
	<quest>Bài hát 'Bác đang cùng chúng cháu hành quân' do ai sáng tác?|Huy Thục|Hoàng Ngọc Phách|Trần Tiến|Trần Hiếu|A</quest>
	<quest>Đơn vị dân cư nhỏ nhất ở vùng dân tộc khơ me Nam bộ, tương đương với làng được gọi là gì?|Sóc|Buôn|Bản|Vùng|A</quest>
	<quest>Đỉnh núi cao nhất nước ta(PanxiPăng) thuộc tỉnh nào?|Lào Cai|Sơn La|Cao Bằng|Bắc Kạn|A</quest>
	<quest>Hội chùa thầy thuộc tỉnh nào?|Hà Tây (Cũ)|Bắc Ninh|Lạng Sơn|Bắc Giang|A</quest>
	<quest>Chân đà điểu có bao nhiêu móng?|2|1|3|4|A</quest>
	<quest>Corel Draw là phần mềm chuyên dùng để?|Xử lý ảnh|Xử lý âm thanh|Mua hàng trực tuyến|Nén dữ liệu|A</quest>
	<quest>Trong truyện Kiều có nhắc tới loại cờ nào?|Cờ vây|Cờ tường|Cờ người|Cờ vua|A</quest>
	<quest>Campuchia nằm ở đới khí hậu nào?|Ôn đới|Cận nhiệt đới|Nhiệt đới|Xích đạo|C</quest>
	<quest>Chân đà điểu có bao nhiêu móng?|2|1|3|4|A</quest>
	<quest>Huyện Mèo Vạc thuộc tỉnh nào của nước ta?|Cao Bằng|Yên Bái|Tuyên Quang|Hà Giang|D</quest>
	<quest>Có câu: Vắng chủ nhà, gà mọc đuôi...?|Trâu|Dê|Vịt|Tôm|D</quest>
	<quest>Huyện Đồng Văn thuộc tỉnh nào của nước ta?|Hà Giang|Cao Bằng|Yên Bái|Lào Cai|A</quest>
	<quest>Con ở miền Nam ra thăm lăng Bác, đã thấy trong sương hàng tre bát ngát là 2 câu thơ trong bài thơ nào?|Ra Lăng Bác|Viếng Lăng Bác|Thăm Lăng Bác|Kính yêu Bác|B</quest>
	<quest>Close to you là ca khúc nổi tiếng của nhóm nhạc nào?|Boney M|Modern Talking|Badboy Blue|Carpenters|D</quest>
	<quest>Làng Bát Tràng ở miền Bắc nổi tiếng về nghề truyền thống nào?|Dệt vải|Đúc đồng|Làm gốm|Tranh sơn mài|C</quest>
	<quest>Loại nào sau đây khi nảy mầm sẽ sinh độc tố?|Đậu xanh|Đậu nành|Khoai lang|Khoai tây|D</quest>
		<quest>Loài chim nào sau đây thường không sống thành đàn?|Bồ câu|Thiên nga|Hải âu|Cú|D</quest>
	<quest>Dec trong tiếng Anh là tháng mấy trong năm?|Tháng 1|Tháng 4|Tháng 8|Tháng 12|D</quest>
	<quest>Ai là tác giả đã vẽ ra quốc kỳ đỏ sao vàng của Việt Nam?|Hồ Chí Minh|Nguyễn Hữu Tiến|Trần Khánh Trương|Phạm Văn Đồng|B</quest>
	<quest>Quốc ca của nước cộng hoà chủ nghĩa Việt Nam do ai sáng tác?|Trịnh Công Sơn|Văn cao|Trung Hiếu|Hồ Chí Minh|B</quest>
	<quest>Phần mềm nào không thuộc bộ Microsoft Office?|Word|Excel|Paint|Power point|C</quest>
	<quest>Trước World Cup 2010, cầu thủ nào ghi nhiều bàn nhất trong 1 kì World Cup?|Pele Brazil|Ronaldo Brazil|Gerd Muller Tây Đức|Just Fontaine Pháp|D</quest>
	<quest>Trang tìm kiếm thông tin mạnh nhất trên Internet là trang nào tính đến năm 2010?|Yahoo|Google|Live|Search|B</quest>
	<quest>Quốc gia nào có đội tuyển quốc gia vô địch world cup nhiều lần nhất?|Anh|Argentina|Brazil|Đức|C</quest>
	<quest>Phần mềm nào sau đây để gõ tiếng việt có dấu?|Paint|Keyboard|Keylock|Unikey|D</quest>
	<quest>Trước năm 2001, xăng sử dụng ở Việt Nam được pha với kim loại nào?|Sắt|Kẽm|Nhôm|Chì|D</quest>
	<quest>Thành phố nào được mệnh danh là Paris của Châu Á?|Singapore|Đà Nẵng|Seoul|Thượng Hải|D</quest>
	<quest>Đâu là tên một loại cá?|Cá bưởi|Cá quýt|Cá ổi|Cá cam|D</quest>
	<quest>Flour có tác dụng gì?|Chống muỗi|Làm bánh|Giải nhiệt|Chống sâu răng|D</quest>
	<quest>Trong truyện Kiều có câu 'Tà tà bóng ngả về...'?|Đông|Tây|Nam|Bắc|B</quest>
	<quest>Xe Nouvo là dòng sản phẩm của công ty nào?|Honda|Yamaha|SYM|Toyota|B</quest>
	<quest>Lão Hạc trong truyện của Nam Cao có nuôi con vật gì?|Cò|Chó|Trâu|Hạc|B</quest>
	<quest>Bài thơ 'Kể cho bé nghe' là của nhà thơ nào?|Nguyễn Khoa Điềm|Trần Đăng Khoa|Tản Đà|Xuân Quỳnh|B</quest>
	<quest>Đâu là tên một truyện ngắn của nhà văn Nguyễn Công Hoan?|Tinh thần làm việc|Tinh thần chiến đấu|Tinh thần tự giác|Tinh thần thể dục|D</quest>
	<quest>Tác giả của truyện Kiều nổi tiếng thế giới?|Nguyễn Khuyến|Nguyễn Du|Nguyễn Huệ|Nguyễn Bính|B</quest>
	<quest>Tác giả của truyện Lục Vân Tiên?|Nguyễn Đình Chiểu|Nguyễn Đình Thi|Nguyễn Trãi|Nguyễn Du|A</quest>
	<quest>Thiết bị nào là thiết bị Vào trong các thiết bị sau đây?|Máy in|Chuột|Màn hình|Projector|B</quest>
	<quest>Phát minh đầu tiên của Thomas Edison là gì?|Đèn sợi đốt|Máy điện báo|Điện thoại|Bánh xe|B</quest>
	<quest>Trên bao nhiêu tuổi mới được sử dụng facebook?|12|13|14|16|B</quest>
	<quest>Thánh Gióng biết nói năm bao nhiêu tuổi?|1|3|5|7|B</quest>
	<quest>Người viết ra chương trình máy tính được gọi là gì?|Kiến trúc sư|Kỹ sư|Lập trình viên|Kỹ thuật viên|C</quest>
	<quest>Thủ môn đầu tiên của bóng đá Việt Nam đoạt danh hiệu Quả bóng vàng?|Trần Tiến Anh|Trần Minh Quang|Võ Văn Hạnh|Bùi Quang Huy|C</quest>
	<quest>Thiết bị nào là thiết bị lưu trữ dữ liệu?|USB|Chuột|Bàn Phím|CPU|A</quest>
	<quest>Seagames 22 được tổ chức ở quốc gia nào?|Thái Lan|Philíppin|Việt Nam|Malaysia|C</quest>
	<quest>Quần đảo Hawaii nằm ở đại dương nào?|Đại Tây Dương|Địa Trung Hải|Thái Bình Dương|Ấn Độ Dương|C</quest>
	<quest>Windows Media Player là gì?|Phần mềm chỉnh nhạc|Phần mềm ghép nhạc|Phần mềm nghe nhạc|Phần mềm tách nhạc|C</quest>
	<quest>Phần mở rộng nào là của các file văn bản?|.exe|.bmp|.xls|.doc|D</quest>
	<quest>Thẻ vàng, thẻ đỏ được sử dụng lần đầu tiên tại World Cup vào năm nào?|1954|1956|1970|1982|C</quest>
	<quest>Thủ môn duy nhất trong lich sử bóng đá từng giành quả bóng vàng châu Âu là người nước nào?|Anh|Nga|Tây Ban Nha|Đức|B</quest>
	<quest>Điểm thi đấu Sea Games phải treo bao nhiêu lá cờ?|8|10|14|18|C</quest>
	<quest>Logo của SEA Games 22 do ai sáng tác?|Bùi Nhật Quang|Nguyển Thái Hùng|Nguyễn Quang Vinh|Nguyễn Trí Long|D</quest>
	<quest>Loại hạt nào sau đây có khả năng tồn tại lâu nhất?|Hạt ngô|Hạt ổi|Hạt tiêu|Hạt hoa súng|D</quest>
	<quest>Khủng long bạo chúa có biệt hiệu là gì?|Sát thủ khổng lồ|King|T-rex|Quái vật cổ đại|C</quest>
	<quest>Trong quang hợp, ánh sáng màu gì có khả năng cung cấp nhiều năng lượng nhất cho cây?|Tất cả đều cho kết quả như nhau|Tia hồng ngoại và tia cực tím|Xanh, đỏ, tím|Vàng, lục, da cam|C</quest>
	<quest>Đại dương có diện tích nhỏ nhất trên thế giới?|Thái bình dương|Đại tây dương|Ấn độ dương|Bắc băng dương|D</quest>
	<quest>Trần Thái Tông viết hai câu thơ: 'Người lính già đầu bạc. Kể mãi chuyện Nguyên Phong' để nói về chiến công chống quân xâm lược nào?|Tống|Nguyên|Tần|Minh|B</quest>
	<quest>Vị trạng nguyên nhỏ tuổi nhất trong lịch sử Việt Nam|Lê Văn Thịnh|Nguyễn Hiền|Vũ Tuấn Chiêu|Nguyễn Kì|B</quest>
	<quest>Giải thưởng công nghệ thông tin của Việt Nam được trao giai vào ngày 1/1 hàng năm có tên là gì?|Trí tuệ Việt Nam|Sao Khuê|Bàn tay vàng|Ánh sáng|A</quest>
	<quest>Khi ở một mình trên đảo hoang, động vật nào sau đây được Robinson Crusoe sử dụng nhiều nhất?|Lợn rừng|Bò sữa|Dê|Cừu|C</quest>
	<quest>Diện tích nước ta rộng khoảng bao nhiêu Km2?|300.000|330.000|250.000|260.000|B</quest>
	<quest>Chim cánh cụt sống chủ yếu ở đâu?|Bắc Cực|Nam Cực|Autralia|Xích đạo|B</quest>
	<quest>Mark ZuckerBerg đã sáng tạo ra trang mạng xã hội nào?|Skype|Facebook|Twitter|Goggle+|B</quest>
	<quest>Vùng có tỷ lệ người biết chữ thấp nhất nước ta là?|Tây bắc|Đông bắc|Tây nguyên|Bắc trung bộ|A</quest>
	<quest>Nơi lòng sông Mê Kông mở rộng nhất thuộc biên giới nước nào?|Lào - Campuchia|Việt Nam - Campuchia|Trung Quốc - Myanmar|Myanmar - Thái Lan|A</quest>
	<quest>Loại đất có diện tích lớn nhất Đồng bằng Sông Cửu Long?|Đất Phèn|Đất đầm lầy|Đất mặn|Đất phù sa|A</quest>
	<quest>Bài hát 'Giấc mơ AiKia' được sử dụng trong bộ phim nào?|Yêu lầm|39 độ yêu|Những cô gái chân dài|Gái nhảy|C</quest>
	<quest>Môn võ nào được gọi là Hiệp khí đạo?|Judo|Pencat sila|Aikido|Karatedo|C</quest>
	<quest>Bác Hồ phát động tết trồng cây vào năm nào?|1965|1961|1960|1954|C</quest>
	<quest>Danh tướng có câu nói nổi tiếng 'Ngồi yên đợi giặc không bằng đem quân ra trước để chặn mũi nhọn của giặc' ông là ai?|Trần Quốc Toản|Lý Thường Kiệt|Người khác|Võ Nguyên Giáp|B</quest>
	<quest>Tiểu thuyết văn học đầu tiên của Việt Nam là tác phẩm nào?|Sống mòn|Ánh trăng quê|Tố tâm|Cả 3 đều sai|C</quest>
	<quest>Kim loại nào có nhiều nhất trong lớp vỏ trái đất?|Nhôm|Sắt|Chì|Đồng|A</quest>
	<quest>Trần Quốc Tuấn là con của ai?|Trần Liễu|Trần Bá Nhi|Nguyễn Đức Long|Nguyễn Thàn|A</quest>
	<quest>Người việt nam đầu tiên được Unessco công nhận là danh nhân văn hoá thế giới?|Nguyễn Trãi|Nguyễn Khuyến|Hồ Chí Minh|Trần Quốc Toản|A</quest>
	<quest>Sao Hôm - Sao Mai là tên gọi khác của hành tinh nào ?|Sao kim|Sao mộc|Sao thổ|Sao thủy|A</quest>
	<quest>Kim loại dẫn điện tốt nhất?|Đồng|Nhôm|Vàng|Bạc|D</quest>
	<quest>Theo thuyết ngũ hành, hành nào khắc hành Kim?|Mộc|Thổ|Thủy|Hỏa|D</quest>
	<quest>Theo thuyết ngũ hành, hành nào khắc hành Mộc?|Kim|Thổ|Thủy|Hỏa|A</quest>
	<quest>Theo thuyết ngũ hành, hành nào khắc hành Thổ?|Kim|Mộc|Thủy|Hỏa|B</quest>
	<quest>Theo thuyết ngũ hành, hành nào khắc hành Thủy?|Mộc|Thổ|Kim|Hỏa|B</quest>
	<quest>Theo thuyết ngũ hành, hành nào khắc hành Hỏa?|Mộc|Kim|Thủy|Hỏa|C</quest>
	<quest>Lông gấu trắng Bắc cực có màu gì|Trắng|Vàng nhạt|Đen|Trong suốt|D</quest>
	<quest>Ở Việt Nam, các bảng hiệu công cộng có chữ P chỉ điều gì|Gần bệnh viện|Đường sắt|Công viên|Điểm đỗ xe|D</quest>
	<quest>Quốc gia có lượng khí thải lớn nhất thế giới?|Australia|Mỹ|Đức|Anh|A</quest>
	<quest>Phụ nữ Ấn Độ khi đã lấy chồng phải vẽ chấm màu gì ở giữa trán?|Xanh|Đỏ|Đen|Trắng|B</quest>
	<quest>2-9-1945 Bác Hồ đọc bản Tuyên Ngôn Độc Lập  tại Quảng trờng Ba Đình khai sinh ra nớc VNDCCH. Bạn cho biết đây là bản tuyên ngôn lần thức mấy của dân tộc ta?|1|2|3|4|C</quest>
	<quest>Người ta cho thêm chì vào trong xăng nhằm mục đích gì?|Chống cháy nổ|Tăng thể tích của xăng|Giảm ô nhiễm môi trường|Giảm bay hơi|A</quest>
	<quest>Đồng tiền Kim loại đầu tiên làm bằng chất liệu gì?|Kẽm|Sắt|Chì|Đồng|C</quest>
	<quest>Danh hiệu 'Vua bóng đá' thế giới hiện nay thuộc về ai?|Pêlê|Ronaldo|Ronaldinho|Crit Ronaldo|A</quest>
	<quest>Theo tương truyền dân gian, Dương Lễ đã đãi Lưu Bình cơm hầm với món gì?|Cà|Tương|Cá|Muối|A</quest>
	<quest>Bộ nhiễm sắc thể của cơ thể sinh vật bị tăng hoặc giảm một hoặc một số chiếc, được gọi là gì?|Thể đa bội|Thể dị bội|Thể song nhị bội|Thể tam nhiễm|B</quest>
	<quest>Cơ thể sinh vật có bộ nhiễm sắc thể mất hẳn một cặp tương đồng nào đó được gọi là gì?|Thể hai nhiễm|Thể một nhiễm|Thể khuyết nhiễm|Thể giảm nhiễm|C</quest>
	<quest>Nhằm kiên định và củng cố những tính trạng mong muốn ở cây trồng người ta sử dụng phương pháp?|Cho các cây tự thụ phấn|Cho lai khác dòng đơn|Cho lai khá dòng kép|Cho lai thứ khác|A</quest>
	<quest>Phương pháp chủ yếu được sử dụng để tạo ưu thế lai là?|Lai khác loài|Lai khác thứ|Lai cải tiến|Lai khác dòng|D</quest>
	<quest>Địa hình chính của Campuchia là?|Núi và đồng bằng|Đồng bằng|Đồng bằng và cao nguyên|Núi và cao nguyên|C</quest>
	<quest>Vùng có khả năng xảy ra động đất cao ở Việt Nam là?|Điện Biên|Đồng bằng sông Hồng|Duyên hải miền Trung|Đồng bằng sông Cửu Long|A</quest>
	<quest>Vùng khí hậu cực và cận cực có những loại cây sinh sống được là?|Thông và rêu|Rêu và địa y|Cây bụi và thông|Rêu và dương xỉ|B</quest>
	<quest>Chế độ thuỷ triều của vịnh Bắc Bộ thuộc loại gì?|Nhật triều không đều|Bán nhật triều đều|Nhật triều đều|Bán nhật triều đều|C</quest>
	<quest>Bề mặt địa hình hiện tại của nước ta được quyết định bởi vận động tạo núi?|Caledoni|Hecxini|Himalaya|Indonesia|C</quest>
	<quest>Địa hình cao nguyên Badan tập trung nhiều ở đâu?|Bắc Trung Bộ|Tây Nguyên|Bắc Bộ|Tây Bắc|B</quest>
	<quest>Một trong những sản phẩm nổi tiếng thời cổ đại và trung đại của khu vực Tây Nam Á là?|Thảm len|Gia vị và hương liệu|Tơ lụa|Vải bông|A</quest>
	<quest>Dạng địa hình chủ yếu của khu vực Tây Nam Á là?|Đồng bằng|Sơn nguyên và núi cao|Bồn địa|Núi lửa|B</quest>
	<quest>Đâu không phải một bài hát nổi tiếng của Michael Jackson?|Heal the world|Fly me to the moon|Earth song|Smooth Criminal|B</quest>
	<quest>Tim người bình thường đập bao nhiêu nhịp một ngày?|50.000|100.000|150.000|200.000|B</quest>
	<quest>'At' là tên viết tắt của nguyên tố hóa học nào?|Argon|Astatin|Arsen|Antimon|B</quest>
	<quest>Vào năm mới, người Nhật thường ăn đậu phụ với ý nghĩa gì?|Sức khỏe|May mắn|Thời tiết thuận lợi|Tiêu diệt quỷ dữ|B</quest>
	<quest>Đội bóng nào đang giữ kỷ lục về số điểm ghi trong 1 mùa giải Ngoại Hạng Anh|Arsenal|Chelsea|Manchester United|Liverpool|B</quest>
	<quest>Các nguyên tố nào sau đây phổ biến nhất của cơ thể sống?|N, P, K, ca.|C. H, O, N, Cu, Zn.|C. H, O, N.|C. H, O, N, N, P, K, Mg|C</quest>
	<quest>Tác phẩm 'Chí Phèo' của Nam Cao được đổi tên mấy lần?|2|3|4|5|B</quest>
	<quest>Hệ thống giáo dục mẫu giáo hiện nay có mấy lớp(cấp)?|2|3|4|5|B</quest>
	<quest>Số 50 trong bảng số La Mã có ký hiệu là gì?|L|C|D|M|A</quest>
	<quest>Số 100 trong bảng số La Mã có ký hiệu là gì?|L|C|D|M|B</quest>
	<quest>Số 500 trong bảng số La Mã có ký hiệu là gì?|L|C|D|M|C</quest>
	<quest>Số 1000 trong bảng số La Mã có ký hiệu là gì?|L|C|D|M|D</quest>
	<quest>Louis Pasteur là ai?|Một thợ kim hoàn|Một vũ công|Một ảo thuật gia|Một nhà khoa học|D</quest>
	<quest>'Mùa thu vàng' là tác phẩm của họa sĩ nào?|Van gogh|Picasso|da Vinci|Levitan|D</quest>
	<quest>Vị thần nào sau đây là thần ánh sáng, thần thi ca, thần âm nhạc, thần tiên tri trong thần thoại Hy Lạp?|Ares|Apollo|Hera|Athena|B</quest>
	<quest>Lần đầu tiên SEA Games có đủ 10 quốc gia tham dự được tổ chức tại đâu?|Indonesia|Việt Nam|Myanmar|Thái Lan|D</quest>
	<quest>Cho đến năm 2001, thứ hạng cao nhất của đoàn Việt Nam qua các kỳ SEA Games là hạng mấy?|2|3|4|5|C</quest>
	<quest>Cho đến năm 2007, Thái Lan đã tổ chức bao nhiêu lần Đại hội SEA Games?|3|4|5|6|D</quest>
	<quest>Thủ đô của nước Úc là thành phố nào?|Sydney|Maldiver|Ausburg|Canberra|D</quest>
	<quest>Giống chó huyền đề có đặc điểm gì?|Nhiều đốm lưỡi|Cụt đuôi|Không có răng nanh|Chân có móng thừa|D</quest>
	<quest>SEA Games 22 được tổ chức ở Việt Nam có bao nhiêu môn thi đấu?|28|32|34|38|B</quest>
	<quest>Lionel Messi sinh năm bao nhiêu?|1986|1987|1988|1989|B</quest>
	<quest>'N' là tên của nguyên tố nào trong bảng tuần hoàn?|Natri|Nitơ|Nhôm|Nước|B</quest>
	<quest>'S' là tên của nguyên tố nào trong bảng tuần hoàn?|Sắt|Lưu huỳnh|Silic|Natri|B</quest>
	<quest>'H' là tên của nguyên tố nào trong bảng tuần hoàn?|Heli|Hidro|Nhôm|Đồng|B</quest>
	<quest>'C' là tên của nguyên tố nào trong bảng tuần hoàn?|Oxi|Cacbon|Kẽm|Kali|B</quest>
	<quest>CCNA là chứng chỉ cao cấp thuộc lĩnh vực nào?|Kỹ thuật điện|Công nghệ thông tin|Chống khủng bố|Phẫu thuật mắt|B</quest>
	<quest>Bóng bàn là một trong những môn thể thao phổ biến nhất trên thế giới, nó có nguồn gốc từ nước nào?|Pháp|Trung Quốc|Anh|Hy Lạp|C</quest>
	<quest>Nguyễn Thúy Hiền đã trở thành vận động viên Việt Nam đầu tiên giành huy chương vàng tại một giải vô định thế giới năm bao nhiêu tuổi?|12|14|16|18|B</quest>
	<quest>Lý Tiểu Long là một diễn viên võ thuật nổi tiếng trong nền điện ảnh nước nào?|Trung Quốc|Mỹ|Anh|Pháp|B</quest>
	<quest>Giải thưởng 'Cánh diều vàng' đã được tổ chức lần đầu tiên vào năm nào?|2002|1998|1996|1994|A</quest>
	<quest>Những ngày đầu thành lập, Nokia - hãng điện thoại di động lớn nhất thế giới ngày nay chuyên sản xuất mặt hàng gì?|Giấy|Vi mạch|Điện thoại|Cao su|A</quest>
	<quest>Mật độ dân số thành phố nào đông nhất trong những thành phố sau?|Hà Nội|Tokyo|New York|Moskva|C</quest>
	<quest>Thành phố được mệnh danh là thành phố hoa hồng?|Portland (Mỹ)|Paris (Pháp)|Sofia (Bulgaria)|London (Anh)|A</quest>
	<quest>Sa mạc nào lớn nhất thế giới?|Sa mạc Sahara|Sa mạc Gobi (Mông Cổ)|Great Victoria|Great Sandy|A</quest>
	<quest>Loại đá được hình thành từ xác động vật?|Đá vôi|Đá catket|Đá magma|Đá trầm tích|A</quest>
	<quest>Dịch vị là do bộ phận nào tiết ra?|Dạ dày|Mật|Gan|Ruột già|A</quest>
	<quest>Bán đảo Yucatan nằm ở châu lục nào?|Châu Mỹ|Châu Phi|Châu Á|Châu Âu|A</quest>
	<quest>Bạn cho biết khoảng bao nhiêu phần trăm dân số Việt Nam sử dụng tiếng Việt ?|68|85|90|95|B</quest>
	<quest>Bạn cho biết tháp CN (CN Tower) là ngọn tháp nổi tiếng thế giới của thành phố nào?|Tokyo|New York|London|Toronto|D</quest>
	<quest>Tên tiếng Anh viết tắt của hệ thống tiền tệ Châu Âu là gì?|EMS|EMU|EFTA|ECU|A</quest>
	<quest>Trong tác phẩn Tam Quốc Chí, người được mệnh danh là 'Phụng Sồ'?|Chu Du|Gia Cát Lượng|Tư Mã Ý|Bành Thống|D</quest>
	<quest>Him Lam là cứ điểm tiêu diệt địch thứ mấy trong chiến dịch Điện Biên?|1|2|3|4|A</quest>
	<quest>Đội tuyển Ý đã bao nhiêu lần vô địch giải bóng đá Châu Âu?|1|2|3|4|A</quest>
	<quest>'Batigol' là biệt danh của cầu thủ nào?|Batistuta|Barthez|Bobby Moore|Balzaretti|A</quest>
	<quest>Cầu thủ ghi nhiều bàn thắng nhất đội tuyển Tây Ban Nha?|Raul gonzalez|fernando Hierro|fernando Morientes|Luis enripue|A</quest>
	<quest>Đại hội thể thao Olympic hiện đại lần đầu tiên năm 1886 có mấy môn thể thao dành cho phụ nữ?|1|2|3|Không có môn nào|D</quest>
	<quest>Bài hát 'Tình ca' của Hoàng Việt nói đến mùa nào trong năm?|Mùa xuân|Mùa hạ|Mùa thu|Mùa đông|A</quest>
	<quest>Ban nhạc ABBA gồm bao nhiêu thành viên?|3|4|5|2|B</quest>
	<quest>Trong môn bóng rổ, một đội được cầm bóng tối đa bao lâu trước khi ném rổ?|23|24|25|26|B</quest>
	<quest>Quốc gia nào giành nhiều huy chương vàng thứ 3 Olympic Athens 2004?|Nga|Anh|Hylap|Tây Ban Nha|A</quest>
	<quest>Nhà khoa học Alfred Nobel đã phát minh ra?|Thuốc nổ|Bom hạt nhân|Bánh xe|Thuốc kháng sinh|A</quest>
	<quest>Ở Hà Nội, xác B52 có ở hồ nào?|Hồ Tây|Hồ trúc bạch|Hồ Ngọc Khánh|Hồ Ngọc Hà|D</quest>
	<quest>Huyện Nga Sơn, Tỉnh Thanh Hóa nổi tiếng với nghề thủ công nào?|Dệt chiếu|Dệt vải|Làm Gốm|Làm nón|A</quest>
	<quest>Môn thể thao bóng rổ ra đời ở quốc gia nào?|Mỹ|Nam Phi|Trung Quốc|Thụy Điển|A</quest>
	<quest>Hồng Kông được trao trả lại cho Trung Quốc vào năm nào?|1996|1997|1998|1999|B</quest>
	<quest>Bộ phim 'Rừng phương Nam' được chuyển thể từ truyện ngắn nào?|Đất rừng phương nam|Đất Phương nam|Quê hương tôi|không phải phương án trên|A</quest>
	<quest>Sự nghiệp CNH-HĐH đát nước được Đảng ta xác định sẽ cơ bản hoàn thành vào năm nào?|2010|2015|2020|2025|C</quest>
	<quest>Môn thể thao nào mà tên của nó có nghĩa là Tay không?|Karate|Bóng đá|Bóng chày|Bóng rổ|A</quest>
	<quest>Nhạc cụ gõ cổ nhất của nước ta tên là gì?|Đàn đá|Trống đồng|Trống đá|không phải 3 loại trên|A</quest>
	<quest>Bà Huyện Thanh Quan tả cảnh đèo ngang vào thời gian nào trong ngày?|Sáng|Trưa|Chiều|Tối|C</quest>
	<quest>Ngôn ngữ mà Singapo đang dùng hiện nay là ngôn ngữ nào trong các ngôn ngữ sau?|Quốc ngữ|Anh ngữ|Pháp ngữ|Tây ban nha|B</quest>
	<quest>Quốc kì của cộng hòa liên bang Đức có bao nhiêu màu?|2|3|4|5|B</quest>
	<quest>Ở mắt bão không khí chuyển động như thế nào?|Theo chiều kim đồng hồ|Ngược chiều kim đồng hồ|Không chuyển động|Tùy vào cơn bão|C</quest>
	<quest>Hoa hậu hoàn vũ năm 2007 thuộc về quốc gia nào?|Nhật Bản|Venezuela|Trung Quốc|Mỹ|A</quest>
	<quest>Đội bóng nào xếp thứ ba giải ngoại hạng Anh mùa bóng 2006 - 2007?|Manchester United|Liverpool|Arsenal|Chelsea|B</quest>
	<quest>Một mét khối nước tương đương với bao nhiêu lít nước?|10|100|1000|10.000|C</quest>
	<quest>Cầu thủ Việt Nam nào sau đây có tên trong danh sách đề cử Quả bóng vàng châu Á 2008?|Như Thành|Tài Em|Minh Phương|Minh Châu|A</quest>
	<quest>Ở loài chó, tuyến mồ hôi tập trung hầu hết ở đâu?|Lưỡi|Tai|Đầu|Bụng|A</quest>
	<quest>Sân bay lớn nhất Đông Nam á hiện nay thuộc quốc gia nào?|Việt Nam|Thái Lan|Malaysia|Lao|C</quest>
	<quest>Tỉnh đầu tiên đạt sản lượng lúa 5tấn/1ha?|Thái Bình|Thanh Hóa|Quảng Trị|Nghệ An|A</quest>
	<quest>Nước nào đã phát minh ra kỹ thuật làm giấy?|Ấn Độ|Mỹ|Trung Quốc|Anh|C</quest>
	<quest>Ngạc ngư là tên gọi khác của con vật này?|Cá Sấu|Cá voi|Cá Mập|Cá Đuối|A</quest>
	<quest>Facebook được sáng lập vào năm nào?|2004|2005|2006|2007|A</quest>
	<quest>Chiếc cúp hình một chiếc máy hát được mạ vàng là của giải thưởng nào?|Giải Grammy|Giải Oscar|Giải làn sóng xanh|Giải VMA|A</quest>
	<quest>Trong chiến dịch Điện Biên Phủ năm 1954, người anh hùng nào đã lấy thân mình lấp lỗ châu mai?|Bế Văn Đàn|Phan Đình Giót|Phùng Văn Khầu|Tô Vĩnh Diện|B</quest>
	<quest>Ai là người đầu tiên trở thành tỷ phú đô la Mỹ nhờ viết sách?|Oprah Gail Winfrey|Ingvar Kamprad|Carlos Slim Helus|J. K. Rowling|D</quest>
	<quest>Các bài thơ 'Hành lộ nan', 'Tĩnh dạ tư', 'Thái liên khúc' là những bài thơ của tác giả nào?|Lý Bạch|Từ Ngưng|Đỗ Phủ|Trương Hán Siêu|A</quest>
	<quest>Lần đầu tiên trong lịch sử Việt Nam, tác phẩn nào đã thay thế lối kết cấu chương hồi bằng kết cấu theo quy lật tâm lý?|Số đỏ|Tố tâm|Bỉ vỏ|Tất cả đều sai|B</quest>
	<quest>Tác phẩn nào sau đây lên án chế độ nô lệ ở Mỹ vào thế kỷ 19?|Nhà tài chính|Chiếc lá cuối cùng|Túp lều bác Tom|Cuốn theo chiều gió|C</quest>
	<quest>Truyền thuyết nào sau đây thuộc thời kỳ Âu Lạc?|Thánh Gióng|Lạc Long Quân - Âu Cơ|Sơn Tinh - Thủy Tinh|An Dương Vương|D</quest>
	<quest>Người hiện thân cho sức mạnh và vẻ đẹp của người Hy Lạp trong trường ca 'Illiat và Odyssey'|Thần Dớt (Zeus)|Odixe (Odyssey)|Hecquyn (Hercules)|Asin (Achilles)|D</quest>
	<quest>Cho tới năm 2003, số môn thi đấu nhiều nhất tại SEA Games là bao nhiêu?|24|25|34|42|C</quest>
	<quest>Bối cảnh của phim 'Mùi đu đủ xanh' là Sài Gòn thập niên 1950, bộ phim được quay ở đâu?|Việt Nam|Paris|Thượng Hải|New York|B</quest>
	<quest>Lò phản ứng hạt nhân của nước ta đầu tiên nằm ở đâu?|Hà Nội|Cần Thơ|Đà Lạt|Đồng Nai|C</quest>
	<quest>Bán kính trái đất là bao nhiêu kilomet (Km)?|63.780|6.378.000|6.873|6.378|D</quest>
	<quest>Đậu tương, lạc, thuốc lá được trồng nhiều nhất trên loại đất nào?|Đất phèn|Đất phù sa|Đất bạc mầu|Đất xám|C</quest>
	<quest>Thành phố đông dân nhất Đông Nam Á?|Thành phố Hồ Chí Minh|Bangkok|Jakarta|Phnôm Pênh|C</quest>
	<quest>Hồ nước ngọt lớn nhất Đông Nam Á?|Hồ Ba Bể|Biển hồ Campuchia|Hồ Thanh Hải|Hồ Tây|B</quest>
	<quest>Trường đại học Harvard nằm ở bang nào của nước Mỹ|Texas|Massachusetts|Louisiana|Ohio|B</quest>
	<quest>Nhân vật Cheshire trong truyện 'Alice ở xữ sở thần tiên' là con vật gì?|Thỏ|Mèo|Chó|Đại bàng|B</quest>
	<quest>Sông dài thứ ba thế giới?|Nil|Mississippi|Amazon|Hoàng Hà|B</quest>
	<quest>Đều đặc biệt Kimono y phục truyền thống của Nhật Bản là gì?|Chỉ có một kích cỡ|Chỉ mặc vào mùa đông|Làm bằng loại lụa đặc biệt|Không thể tự mặc|A</quest>
	<quest>Tiếng việt là ngôn ngữ phổ biến thứ mấy tại Mỹ?|5|6|7|8|C</quest>
	<quest>Khuê Văn Các tại Văn Miết được xây dựng dưới thời vua nào?|Lý|Trần|Lê|Nguyễn|D</quest>
	<quest>Ca khúc 'Trai anh hùng, gái đảm đang' là của nhạc sĩ nào?|Trịnh Công Sơn|Văn Cao|Đỗ Nhuận|Văn Chung|C</quest>
	<quest>Ở Đông Nam Á, Đảng Cộng sản được thành lập đầu tiên tại nước nào?|Việt Nam|Lào|Campuchia|Indonesia|D</quest>
	<quest>Đồng tiền chung Eure chính thức được lưu hành vào năm nào?|1998|2000|2001|2002|D</quest>
	<quest>Bao nhiêu % dân Trung Quốc đã xây dựng Vạn Lý Trường Thành thời bấy giờ?|0.2|0.3|0.6|0.7|D</quest>
	<quest>Bạn cho biết vua Lê nào có tên tuổi rực rỡ nhất trong thời kỳ trị nước?|Lê Hiền Tông|Lê Thái Tổ|Lê Thánh Tông|Lê Nhân Tông|C</quest>
	<quest>Hai câu thơ 'Lối xưa xe ngựa hồn thu thảo. Đền cũ lâu đài bóng tịch dương' là của tác giả nào?|Hồ Xuân Hương|Đoàn Thị Điểm|Thâm Tâm|Bà Huyện Thanh Quan|D</quest>
	<quest>Sân vận động 'Công viên các hoàng tử' là sân nhà của câu lạc bộ nào?|Liverpool|AC Milan|Paris Saint Germain|Ajax Amstecdams|C</quest>
	<quest>Hoa Loa Kèn thường xuất hiện vào mùa nào trong năm?|Xuân|Hạ|Thu|Đông|B</quest>
	<quest>Quỹ nhi đồng liên hợp quốc viết tắt là gì?|UNESCO|UNDP|UNICEF|UNHCR|C</quest>
	<quest>Hãng điện thoại Nokia được thành lập ở quốc gia nào?|Mỹ|Nhật|Trung Quốc|Phần Lan|D</quest>
	<quest>Hãng điện thoại Black Berry được thành lập ở quốc gia nào?|Canada|Nhật|Trung Quốc|Phần Lan|A</quest>
	<quest>Hãng điện thoại Sony được thành lập ở quốc gia nào?|Mỹ|Nhật|Trung Quốc|Phần Lan|B</quest>
	<quest>Hãng điện thoại Oppo được thành lập ở quốc gia nào?|Mỹ|Nhật|Trung Quốc|Phần Lan|C</quest>
	<quest>Hãng điện thoại HTC được thành lập ở quốc gia nào?|Mỹ|Nhật|Đài Loan|Phần Lan|C</quest>
	<quest>Hãng điện thoại Skyphone được thành lập ở quốc gia nào?|Mỹ|Nhật|Hàn Quốc|Phần Lan|C</quest>
	<quest>Hãng điện thoại Samsung được thành lập ở quốc gia nào?|Mỹ|Nhật|Hàn Quốc|Phần Lan|C</quest>
	<quest>Hãng điện thoại Apple được thành lập ở quốc gia nào?|Mỹ|Nhật|Trung Quốc|Phần Lan|A</quest>
	<quest>Hãng điện thoại Alacatel được thành lập ở quốc gia nào?|Mỹ|Nhật|Pháp|Phần Lan|C</quest>
	<quest>Hãng điện thoại Vertu được thành lập ở quốc gia nào?|Mỹ|Nhật|Anh|Phần Lan|C</quest>
	<quest>Giải vô định bóng đá thế giới (World Cup) năm 2010 được tổ chức ở đâu?|Đức|Brazil|Australia|Tất cả đều sai|D</quest>
	<quest>Ban nhạc huyền thoại nào thể hiện ca khúc 'Yesterday'?|ABBA|The Beatles|U2|Queen|B</quest>
	<quest>Trong lịch sử câu lạc bộ Manchester United cầu thủ ghi nhiều bàn thắng nhất là ai?|Bobby Charlton|George Bes|Gary Neville|Roy Keane|A</quest>
	<quest>Trên đỉnh ngọn núi Tùng ở Thanh Hóa có lăng mộ thờ vị anh hùng dân tộc nổi tiếng nào?|Bà Triệu|Nguyên Phi Ỷ Lan|Lê Chân|Hai Bà Trưng|A</quest>
	<quest>Tác giả của ca khúc 'Hương ngọc lan'|Hồng Đăng|Thanh Hải|Anh Quân|Huy Du|C</quest>
	<quest>Thành tích cao nhất của đội tuyển Tây Ban Nha qua các kì World Cup?|Hạng hai|Vô địch|Hạng ba|Hạng tư|B</quest>
	<quest>Đội tuyển Tây Ban Nha đã từng vô dịch Châu Âu vào năm nào?|1960|1964|1968|1972|B</quest>
	<quest>Lần đầu tiên đội tuyển Ý vô địch thế giới vào năm nào?|1934|1938|1942|1946|A</quest>
	<quest>CLB Real Madrid đã bao nhiêu lần vô địch cúp C1 Châu Âu?|3|5|8|10|D</quest>
	<quest>Bán kính vòng tròn trung tâm sân bóng đá chính thức là bao nhiêu?|8m15|8m10|9m15|9m10|C</quest>
	<quest>Phim Cách mạng Việt Nam đầu tiên là phim gì?|Chung một dòng sông|Đồng tiền kẽm tậu được ngựa|Cánh đồng hoang|Phim khác|A</quest>
	<quest>The Rock (diễn viên nổi tiếng trong Xác ướp Ai Cập và Vua Bọ cạp) từng xuất thân là:|Cầu thủ|Bồi bàn|Võ sĩ đô vật|Tất cả đều sai|C</quest>
	<quest>Trong bóng chày, đội nào được chơi trước?|Đội thắng khi phân định bằng đồng xu.|Quyết định của trọng tài.|Chủ nhà chơi trước.|Đội khách chơi trước.|D</quest>
	<quest>Hồ Chí Minh viết bản di chúc đầu tiên vào năm nào?|1960|1965|1966|1890|B</quest>
	<quest>Nguyễn Đình Chiểu sinh ra ở đâu?|Gia Định|Cao Bằng|Quảng Ninh|Nghệ An|A</quest>
	<quest>Nguyễn Tất Thành lấy tên là Nguyễn Ái Quốc vào năm nào?|1980|1919|1965|1954|B</quest>
	<quest>Bản án chế độ Thực dân Pháp của Hồ Chí Minh gồm bao nhiêu chương và bao nhiêu phụ lục?|12 chương và 1 phụ lục|12 chương và 9 phụ lục|5 chương và 3 phụ lục|12 chương và 5 phụ lục|A</quest>
	<quest>Quốc hiệu đầu tiên của nước ta?|Văn Lang|Đại cổ việt|Việt|Việt Nam|A</quest>
	<quest>Tên viết tắt của ngân hàng phát triển Châu Á?|ADB|UDP|ADP|ASK|A</quest>
	<quest>Dơi phát ra âm thanh từ bộ phận nào của cơ thể?|Cổ họng|Mũi|Cánh|Răng|A</quest>
	<quest>Trước khi tan vỡ Liên bang Xô viết có bao nhiêu nước?|11|15|12|14|B</quest>
	<quest>Trong thế kỷ XX nước Tây Ban Nha tổ chức worlcup vào năm nào?|1991|1988|1983|1982|D</quest>
	<quest>Việt Nam là thành viên thư bao nhiêu của WTO?|140|145|150|151|C</quest>
	<quest>WTO tiếp nhận đơn xin gia nhập của Việt Nam vào năm nào?|1994|1995|1996|1997|B</quest>
	<quest>Cảng lớn nhất Đông Nam á là cảng nào?|Singapore|Lào|Việt Nam|Thái Lan|A</quest>
	<quest>Ai là người đã phát minh ra nhiệt kế?|Galilei|Newton|Celsius|Fahrenheit|A</quest>
	<quest>Món chả rươi không thể thiếu vỏ của loại quả nào?|Quýt|Bưởi|Cam|Quất|A</quest>
	<quest>Ngày hạ chí là ngày nào?|22-6|22-4|23-9|23-5|A</quest>
	<quest>Paris-Dakar là giải đua thuộc môn thể thao nào?|Đua xe đường trường|Đua xe đạp|Đua thuyền cao tốc|Đua xe công thức 1|A</quest>
</data>
